hex_id,direction,neighbor_id,review_status,crossing_features,blue_pixels_29x29,pink_pixels_29x29,dark_pixels_29x29,color_pixels_51x51,border_signal_pixels,route_crossing_score,signals
1013,s,1014,zone_unconfirmed,,0,3,67,206,77,11,rail_or_primary_candidate;route_crossing_candidate
1013,se,1114,zone_unconfirmed,,0,2,26,100,1,7,rail_or_primary_candidate;route_crossing_candidate
1014,s,1015,zone_unconfirmed,,250,0,119,1028,223,21,river_candidate;rail_or_primary_candidate;route_crossing_candidate
1014,ne,1114,zone_unconfirmed,,0,3,193,420,87,10,rail_or_primary_candidate;route_crossing_candidate
1014,se,1115,zone_unconfirmed,,330,33,0,646,228,5,river_candidate;road_candidate;route_crossing_candidate
1015,s,1016,zone_unconfirmed,,174,40,47,924,118,10,river_candidate;road_candidate;rail_or_primary_candidate;route_crossing_candidate
1015,ne,1115,zone_unconfirmed,,277,45,19,1331,163,20,river_candidate;road_candidate;rail_or_primary_candidate;route_crossing_candidate
1015,se,1116,zone_unconfirmed,,267,4,105,1149,133,23,river_candidate;rail_or_primary_candidate;route_crossing_candidate
1016,ne,1116,zone_unconfirmed,,0,0,0,43,57,3,
1016,se,1117,zone_unconfirmed,,0,1,40,95,69,2,rail_or_primary_candidate
1113,s,1114,zone_unconfirmed,,0,3,0,12,8,4,route_crossing_candidate
1114,s,1115,zone_unconfirmed,,195,35,0,646,87,13,river_candidate;road_candidate;route_crossing_candidate
1114,ne,1213,zone_unconfirmed,,0,8,0,27,15,3,road_candidate
1114,se,1214,zone_unconfirmed,,217,42,0,558,132,1,river_candidate;road_candidate
1115,s,1116,zone_unconfirmed,,0,2,110,497,66,14,rail_or_primary_candidate;route_crossing_candidate
1115,ne,1214,zone_unconfirmed,,0,29,0,80,47,8,road_candidate;route_crossing_candidate
1115,se,1215,zone_unconfirmed,,0,2,376,787,64,14,rail_or_primary_candidate;route_crossing_candidate
1116,s,1117,zone_unconfirmed,,0,0,57,99,6,15,rail_or_primary_candidate;route_crossing_candidate
1116,ne,1215,zone_unconfirmed,,0,11,14,54,27,11,road_candidate;rail_or_primary_candidate;route_crossing_candidate
1116,se,1216,zone_unconfirmed,,0,1,86,199,13,24,rail_or_primary_candidate;route_crossing_candidate
1117,ne,1216,zone_unconfirmed,,0,0,0,25,48,2,
1117,se,1217,zone_unconfirmed,,221,28,33,672,169,13,river_candidate;road_candidate;rail_or_primary_candidate;route_crossing_candidate
1213,s,1214,zone_unconfirmed,,0,29,0,39,34,4,road_candidate;route_crossing_candidate
1213,se,1314,zone_unconfirmed,,0,10,0,17,3,0,road_candidate
1214,s,1215,zone_unconfirmed,,0,0,0,158,0,0,
1214,ne,1314,zone_unconfirmed,,0,13,0,51,8,5,road_candidate;route_crossing_candidate
1214,se,1315,zone_unconfirmed,,0,3,0,54,1,6,route_crossing_candidate
1215,s,1216,zone_unconfirmed,,0,0,0,66,0,0,
1215,ne,1315,zone_unconfirmed,,0,9,0,35,2,8,road_candidate;route_crossing_candidate
1215,se,1316,zone_unconfirmed,,0,0,0,17,2,6,route_crossing_candidate
1216,s,1217,zone_unconfirmed,,256,21,0,537,156,5,river_candidate;road_candidate;route_crossing_candidate
1216,ne,1316,zone_unconfirmed,,0,0,170,332,60,5,rail_or_primary_candidate;route_crossing_candidate
1216,se,1317,zone_unconfirmed,,220,85,53,1096,155,7,river_candidate;road_candidate;rail_or_primary_candidate;route_crossing_candidate
1217,ne,1317,zone_unconfirmed,,0,14,0,32,39,3,road_candidate
1217,se,1318,zone_unconfirmed,,0,12,0,17,4,1,road_candidate
1313,s,1314,zone_unconfirmed,,0,0,4,28,36,17,route_crossing_candidate
1314,s,1315,zone_unconfirmed,,0,10,1,41,37,11,road_candidate;route_crossing_candidate
1314,ne,1413,zone_unconfirmed,,242,52,0,555,176,9,river_candidate;road_candidate;route_crossing_candidate
1314,se,1414,zone_unconfirmed,,294,49,0,592,146,3,river_candidate;road_candidate
1315,s,1316,zone_unconfirmed,,0,3,2,49,37,15,route_crossing_candidate
1315,ne,1414,zone_unconfirmed,,310,27,0,570,153,5,river_candidate;road_candidate;route_crossing_candidate
1315,se,1415,zone_unconfirmed,,236,66,0,586,158,7,river_candidate;road_candidate;route_crossing_candidate
1316,s,1317,zone_unconfirmed,,265,49,0,602,180,6,river_candidate;road_candidate;route_crossing_candidate
1316,ne,1415,zone_unconfirmed,,289,58,0,648,157,0,river_candidate;road_candidate
1316,se,1416,zone_unconfirmed,,268,22,0,656,201,11,river_candidate;road_candidate;route_crossing_candidate
1317,s,1318,zone_unconfirmed,,0,2,0,52,6,7,route_crossing_candidate
1317,ne,1416,zone_unconfirmed,,0,0,0,18,40,3,
1317,se,1417,zone_unconfirmed,,0,0,42,115,17,9,rail_or_primary_candidate;route_crossing_candidate
1318,s,1319,zone_unconfirmed,,0,0,0,20,5,0,
1318,ne,1417,zone_unconfirmed,,0,0,0,51,3,0,
1318,se,1418,zone_unconfirmed,,0,17,0,37,1,0,road_candidate
1319,s,1320,zone_unconfirmed,,261,24,0,594,151,0,river_candidate;road_candidate
1319,ne,1418,zone_unconfirmed,,0,0,185,311,25,4,rail_or_primary_candidate;route_crossing_candidate
1319,se,1419,zone_unconfirmed,,0,0,62,143,47,12,rail_or_primary_candidate;route_crossing_candidate
1320,ne,1419,zone_unconfirmed,,321,59,0,899,163,0,river_candidate;road_candidate
1320,se,1420,zone_unconfirmed,,0,1,0,57,105,7,route_crossing_candidate
1413,s,1414,zone_unconfirmed,,0,23,4,50,43,6,road_candidate;route_crossing_candidate
1413,se,1514,zone_unconfirmed,,0,25,23,133,35,11,road_candidate;rail_or_primary_candidate;route_crossing_candidate
1414,s,1415,zone_unconfirmed,,0,36,33,105,38,6,road_candidate;rail_or_primary_candidate;route_crossing_candidate
1414,ne,1514,zone_unconfirmed,,0,1,0,1,0,3,no_feature_candidate;strong_no_feature_candidate
1414,se,1515,zone_unconfirmed,,0,0,0,0,3,0,no_feature_candidate;strong_no_feature_candidate
1415,s,1416,zone_unconfirmed,,0,3,0,24,41,6,route_crossing_candidate
1415,se,1516,zone_unconfirmed,,0,11,0,27,2,5,road_candidate;route_crossing_candidate
1416,s,1417,zone_unconfirmed,,0,2,0,65,5,5,route_crossing_candidate
1416,ne,1516,zone_unconfirmed,,0,1,0,27,0,5,route_crossing_candidate
1416,se,1517,zone_unconfirmed,,0,8,0,14,0,0,road_candidate
1417,s,1418,zone_unconfirmed,,0,0,0,2,0,0,no_feature_candidate;strong_no_feature_candidate
1417,ne,1517,zone_unconfirmed,,0,35,28,144,12,6,road_candidate;rail_or_primary_candidate;route_crossing_candidate
1417,se,1518,zone_unconfirmed,,0,0,0,1,5,1,no_feature_candidate;strong_no_feature_candidate
1418,s,1419,zone_unconfirmed,,0,28,0,138,4,9,road_candidate;route_crossing_candidate
1418,ne,1518,zone_unconfirmed,,0,0,0,0,0,0,no_feature_candidate;strong_no_feature_candidate
1418,se,1519,zone_unconfirmed,,0,0,0,0,0,0,no_feature_candidate;strong_no_feature_candidate
1419,s,1420,zone_unconfirmed,,271,57,0,847,156,0,river_candidate;road_candidate
1419,ne,1519,zone_unconfirmed,,0,0,0,0,0,0,no_feature_candidate;strong_no_feature_candidate
1419,se,1520,zone_unconfirmed,,0,9,59,263,47,12,road_candidate;rail_or_primary_candidate;route_crossing_candidate
1420,s,1421,zone_unconfirmed,,0,0,50,61,100,0,rail_or_primary_candidate
1420,ne,1520,zone_unconfirmed,,276,39,0,631,167,0,river_candidate;road_candidate
1420,se,1521,zone_unconfirmed,,0,11,0,346,95,0,road_candidate
1421,s,1422,zone_unconfirmed,,0,0,0,0,61,0,no_feature_candidate
1421,ne,1521,zone_unconfirmed,,323,31,0,661,128,3,river_candidate;road_candidate
1421,se,1522,zone_unconfirmed,,0,36,0,73,42,2,road_candidate
1422,ne,1522,zone_unconfirmed,,0,0,0,0,0,0,no_feature_candidate;strong_no_feature_candidate
1422,se,1523,zone_unconfirmed,,0,0,187,312,90,4,rail_or_primary_candidate;route_crossing_candidate
1513,s,1514,zone_unconfirmed,,0,0,105,304,0,5,rail_or_primary_candidate;route_crossing_candidate
1514,s,1515,zone_unconfirmed,,0,0,34,57,0,0,rail_or_primary_candidate
1514,ne,1613,zone_unconfirmed,,0,0,0,6,32,0,no_feature_candidate
1514,se,1614,zone_unconfirmed,,0,0,52,105,5,12,rail_or_primary_candidate;route_crossing_candidate
1515,s,1516,zone_unconfirmed,,0,1,0,1,0,0,no_feature_candidate;strong_no_feature_candidate
1515,ne,1614,zone_unconfirmed,,0,35,0,46,3,2,road_candidate
1515,se,1615,zone_unconfirmed,,0,0,0,0,0,0,no_feature_candidate;strong_no_feature_candidate
1516,s,1517,zone_unconfirmed,,0,35,25,116,5,2,road_candidate;rail_or_primary_candidate
1516,ne,1615,zone_unconfirmed,,0,0,0,0,0,0,no_feature_candidate;strong_no_feature_candidate
1516,se,1616,zone_unconfirmed,,0,3,0,3,4,0,no_feature_candidate;strong_no_feature_candidate
1517,ne,1616,zone_unconfirmed,,0,0,0,9,1,0,no_feature_candidate;strong_no_feature_candidate
1517,se,1617,zone_unconfirmed,,0,4,52,125,8,5,rail_or_primary_candidate;route_crossing_candidate
1518,s,1519,zone_unconfirmed,,0,0,0,0,16,0,no_feature_candidate
1518,ne,1617,zone_unconfirmed,,0,0,0,0,1,0,no_feature_candidate;strong_no_feature_candidate
1518,se,1618,zone_unconfirmed,,0,0,0,82,11,0,
1519,s,1520,zone_unconfirmed,,0,0,0,4,0,0,no_feature_candidate;strong_no_feature_candidate
1519,ne,1618,zone_unconfirmed,,0,0,0,18,6,0,
1519,se,1619,zone_unconfirmed,,0,2,0,2,0,0,no_feature_candidate;strong_no_feature_candidate
1520,s,1521,zone_unconfirmed,,256,18,0,481,114,0,river_candidate;road_candidate
1520,ne,1619,zone_unconfirmed,,0,0,0,4,0,3,no_feature_candidate;strong_no_feature_candidate
1520,se,1620,zone_unconfirmed,,0,7,62,202,47,7,road_candidate;rail_or_primary_candidate;route_crossing_candidate
1521,s,1522,zone_unconfirmed,,252,38,0,574,103,9,river_candidate;road_candidate;route_crossing_candidate
1521,ne,1620,zone_unconfirmed,,72,17,0,353,120,4,river_candidate;road_candidate;route_crossing_candidate
1521,se,1621,zone_unconfirmed,,254,5,0,614,162,15,river_candidate;road_candidate;route_crossing_candidate
1522,s,1523,zone_unconfirmed,,0,0,49,75,0,0,rail_or_primary_candidate
1522,ne,1621,zone_unconfirmed,,0,10,0,79,45,9,road_candidate;route_crossing_candidate
1522,se,1622,zone_unconfirmed,,0,0,0,0,2,0,no_feature_candidate;strong_no_feature_candidate
1523,ne,1622,zone_unconfirmed,,0,16,0,57,18,6,road_candidate;route_crossing_candidate
1523,se,1623,zone_unconfirmed,,0,21,0,90,92,8,road_candidate;route_crossing_candidate
1613,s,1614,zone_unconfirmed,,0,0,0,3,1,0,no_feature_candidate;strong_no_feature_candidate
1614,s,1615,zone_unconfirmed,,0,3,0,46,6,6,route_crossing_candidate
1614,ne,1714,zone_unconfirmed,,0,0,0,2,0,0,no_feature_candidate;strong_no_feature_candidate
1614,se,1715,zone_unconfirmed,,0,0,55,102,9,11,rail_or_primary_candidate;route_crossing_candidate
1615,s,1616,zone_unconfirmed,,0,0,0,11,4,3,
1615,ne,1715,zone_unconfirmed,,0,0,0,1,8,0,no_feature_candidate
1615,se,1716,zone_unconfirmed,,0,2,0,31,5,7,route_crossing_candidate
1616,s,1617,zone_unconfirmed,,0,0,0,191,0,7,route_crossing_candidate
1616,ne,1716,zone_unconfirmed,,0,0,0,10,5,2,no_feature_candidate;strong_no_feature_candidate
1616,se,1717,zone_unconfirmed,,0,0,163,328,28,2,rail_or_primary_candidate
1617,s,1618,zone_unconfirmed,,0,21,3,45,2,6,road_candidate;route_crossing_candidate
1617,ne,1717,zone_unconfirmed,,0,26,0,47,12,5,road_candidate;route_crossing_candidate
1617,se,1718,zone_unconfirmed,,0,21,37,129,9,7,road_candidate;rail_or_primary_candidate;route_crossing_candidate
1618,s,1619,zone_unconfirmed,,0,29,1,59,6,7,road_candidate;route_crossing_candidate
1618,ne,1718,zone_unconfirmed,,0,0,1,97,14,2,
1618,se,1719,zone_unconfirmed,,0,0,52,121,18,0,rail_or_primary_candidate
1619,s,1620,zone_unconfirmed,,0,27,60,277,15,7,road_candidate;rail_or_primary_candidate;route_crossing_candidate
1619,ne,1719,zone_unconfirmed,,0,2,0,2,0,0,no_feature_candidate;strong_no_feature_candidate
1619,se,1720,zone_unconfirmed,,0,1,0,1,5,0,no_feature_candidate;strong_no_feature_candidate
1620,ne,1720,zone_unconfirmed,,0,14,35,133,4,3,road_candidate;rail_or_primary_candidate
1621,s,1622,zone_unconfirmed,,0,51,1,88,7,8,road_candidate;route_crossing_candidate
1622,s,1623,zone_unconfirmed,,161,19,0,358,117,1,river_candidate;road_candidate
1622,ne,1722,zone_unconfirmed,,0,2,0,24,2,4,route_crossing_candidate
1622,se,1723,zone_unconfirmed,,0,3,0,59,30,0,
1623,s,1624,zone_unconfirmed,,0,0,0,0,75,0,no_feature_candidate
1623,ne,1723,zone_unconfirmed,,247,42,0,602,128,6,river_candidate;road_candidate;route_crossing_candidate
1623,se,1724,zone_unconfirmed,,0,15,0,58,75,12,road_candidate;route_crossing_candidate
1624,s,1625,zone_unconfirmed,,0,4,1,138,61,10,route_crossing_candidate
1624,ne,1724,zone_unconfirmed,,0,8,93,413,38,9,road_candidate;rail_or_primary_candidate;route_crossing_candidate
1624,se,1725,zone_unconfirmed,,0,6,184,353,28,14,road_candidate;rail_or_primary_candidate;route_crossing_candidate
1625,s,1626,zone_unconfirmed,,0,0,0,6,61,1,no_feature_candidate
1625,ne,1725,zone_unconfirmed,,0,19,3,104,22,15,road_candidate;route_crossing_candidate
1625,se,1726,zone_unconfirmed,,0,11,0,18,16,3,road_candidate
1626,s,1627,zone_unconfirmed,,0,2,0,3,57,0,no_feature_candidate
1626,ne,1726,zone_unconfirmed,,0,0,0,2,0,0,no_feature_candidate;strong_no_feature_candidate
1626,se,1727,zone_unconfirmed,,0,0,0,0,0,0,no_feature_candidate;strong_no_feature_candidate
1627,s,1628,zone_unconfirmed,,0,0,179,330,136,3,rail_or_primary_candidate
1627,ne,1727,zone_unconfirmed,,0,23,0,97,2,7,road_candidate;route_crossing_candidate
1627,se,1728,zone_unconfirmed,,0,18,34,358,35,8,road_candidate;rail_or_primary_candidate;route_crossing_candidate
1628,ne,1728,zone_unconfirmed,,0,1,0,2,26,2,no_feature_candidate
1628,se,1729,zone_unconfirmed,,0,0,0,6,70,0,no_feature_candidate
1717,s,1718,zone_unconfirmed,,0,2,0,140,53,9,route_crossing_candidate
1718,s,1719,zone_unconfirmed,,0,104,33,236,94,0,road_candidate;rail_or_primary_candidate
1718,ne,1817,zone_unconfirmed,,212,74,25,652,149,10,river_candidate;road_candidate;rail_or_primary_candidate;route_crossing_candidate
1718,se,1818,zone_unconfirmed,,199,77,19,543,159,7,river_candidate;road_candidate;rail_or_primary_candidate;route_crossing_candidate
1719,s,1720,zone_unconfirmed,,0,0,0,1,44,0,no_feature_candidate
1720,s,1721,zone_unconfirmed,,0,1,47,66,46,0,rail_or_primary_candidate
1720,ne,1819,zone_unconfirmed,,195,89,2,752,88,4,river_candidate;road_candidate;route_crossing_candidate
1720,se,1820,zone_unconfirmed,,306,87,15,804,129,0,river_candidate;road_candidate;rail_or_primary_candidate
1722,s,1723,zone_unconfirmed,,0,32,2,82,6,16,road_candidate;route_crossing_candidate
1723,s,1724,zone_unconfirmed,,245,29,0,652,111,7,river_candidate;road_candidate;route_crossing_candidate
1723,ne,1822,zone_unconfirmed,,0,11,5,25,46,14,road_candidate;route_crossing_candidate
1723,se,1823,zone_unconfirmed,,0,154,96,905,109,12,road_candidate;rail_or_primary_candidate;route_crossing_candidate
1724,s,1725,zone_unconfirmed,,0,0,0,20,30,10,route_crossing_candidate
1724,ne,1823,zone_unconfirmed,,0,148,50,566,110,9,road_candidate;rail_or_primary_candidate;route_crossing_candidate
1724,se,1824,zone_unconfirmed,,0,141,71,632,103,8,road_candidate;rail_or_primary_candidate;route_crossing_candidate
1725,s,1726,zone_unconfirmed,,165,39,0,345,95,4,river_candidate;road_candidate;route_crossing_candidate
1725,ne,1824,zone_unconfirmed,,0,78,132,777,79,16,road_candidate;rail_or_primary_candidate;route_crossing_candidate
1725,se,1825,zone_unconfirmed,,193,34,73,823,186,14,river_candidate;road_candidate;rail_or_primary_candidate;route_crossing_candidate
1726,s,1727,zone_unconfirmed,,0,0,0,0,0,3,no_feature_candidate;strong_no_feature_candidate
1726,ne,1825,zone_unconfirmed,,0,1,68,388,62,8,rail_or_primary_candidate;route_crossing_candidate
1726,se,1826,zone_unconfirmed,,0,1,5,7,32,3,no_feature_candidate
1727,s,1728,zone_unconfirmed,,0,0,0,15,0,0,
1727,ne,1826,zone_unconfirmed,,0,19,0,34,1,6,road_candidate;route_crossing_candidate
1727,se,1827,zone_unconfirmed,,0,0,0,0,0,0,no_feature_candidate;strong_no_feature_candidate
1728,s,1729,zone_unconfirmed,,0,0,0,0,0,0,no_feature_candidate;strong_no_feature_candidate
1728,ne,1827,zone_unconfirmed,,0,3,52,153,9,7,rail_or_primary_candidate;route_crossing_candidate
1728,se,1828,zone_unconfirmed,,0,20,0,45,1,6,road_candidate;route_crossing_candidate
1729,ne,1828,zone_unconfirmed,,0,0,0,0,0,0,no_feature_candidate;strong_no_feature_candidate
1729,se,1829,zone_unconfirmed,,0,0,0,0,73,0,no_feature_candidate
1934,s,1935,zone_unconfirmed,,0,25,52,139,65,10,road_candidate;rail_or_primary_candidate;route_crossing_candidate
1935,s,1936,zone_unconfirmed,,8,136,89,800,208,9,road_candidate;rail_or_primary_candidate;route_crossing_candidate
1935,ne,2034,zone_unconfirmed,,0,0,0,47,35,0,
1935,se,2035,zone_unconfirmed,,277,46,0,627,237,0,river_candidate;road_candidate
1936,ne,2035,zone_unconfirmed,,0,197,1,683,215,8,road_candidate;route_crossing_candidate
2034,s,2035,zone_unconfirmed,,279,28,0,552,126,0,river_candidate;road_candidate
2034,se,2135,zone_unconfirmed,,299,41,0,573,129,0,river_candidate;road_candidate
2035,ne,2135,zone_unconfirmed,,0,7,0,21,32,5,road_candidate;route_crossing_candidate
2035,se,2136,zone_unconfirmed,,346,16,0,1196,184,5,river_candidate;road_candidate;route_crossing_candidate
2038,s,2039,zone_unconfirmed,,841,0,0,2429,272,3,river_candidate
2038,ne,2138,zone_unconfirmed,,837,0,0,2592,373,3,river_candidate
2038,se,2139,zone_unconfirmed,,8,5,0,421,165,2,road_candidate
2039,ne,2139,zone_unconfirmed,,52,25,0,625,11,1,river_candidate;road_candidate
2039,se,2140,zone_unconfirmed,,689,10,0,1843,227,0,river_candidate;road_candidate
2134,s,2135,zone_unconfirmed,,0,0,0,0,38,0,no_feature_candidate
2135,s,2136,zone_unconfirmed,,0,1,0,7,2,3,no_feature_candidate;strong_no_feature_candidate
2135,ne,2234,zone_unconfirmed,,0,0,0,9,0,1,no_feature_candidate;strong_no_feature_candidate
2135,se,2235,zone_unconfirmed,,0,19,0,36,6,6,road_candidate;route_crossing_candidate
2136,ne,2235,zone_unconfirmed,,660,16,0,1745,217,2,river_candidate;road_candidate
2138,s,2139,zone_unconfirmed,,841,0,0,2429,377,0,river_candidate
2138,se,2238,zone_unconfirmed,,837,0,0,2593,377,3,river_candidate
2139,s,2140,zone_unconfirmed,,0,0,0,0,11,0,no_feature_candidate
2139,ne,2238,zone_unconfirmed,,95,16,0,701,145,2,river_candidate;road_candidate
2139,se,2239,zone_unconfirmed,,0,2,0,2,0,0,no_feature_candidate;strong_no_feature_candidate
2140,ne,2239,zone_unconfirmed,,0,0,0,0,1,0,no_feature_candidate;strong_no_feature_candidate
2140,se,2240,zone_unconfirmed,,44,12,1,481,86,5,river_candidate;road_candidate;route_crossing_candidate
2234,s,2235,zone_unconfirmed,,0,1,0,4,0,0,no_feature_candidate;strong_no_feature_candidate
2234,se,2335,zone_unconfirmed,,0,0,0,1,0,0,no_feature_candidate;strong_no_feature_candidate
2235,ne,2335,zone_unconfirmed,,51,47,0,564,146,7,river_candidate;road_candidate;route_crossing_candidate
2238,s,2239,zone_unconfirmed,,0,2,0,26,3,0,
2238,ne,2338,zone_unconfirmed,,147,16,1,858,156,7,river_candidate;road_candidate;route_crossing_candidate
2238,se,2339,zone_unconfirmed,,0,14,0,30,4,0,road_candidate
2239,s,2240,zone_unconfirmed,,0,34,8,115,20,7,road_candidate;route_crossing_candidate
2239,ne,2339,zone_unconfirmed,,0,0,0,0,3,0,no_feature_candidate;strong_no_feature_candidate
2239,se,2340,zone_unconfirmed,,0,2,0,2,16,3,no_feature_candidate
2240,ne,2340,zone_unconfirmed,,0,36,5,257,23,4,road_candidate;route_crossing_candidate
2240,se,2341,zone_unconfirmed,,804,5,0,2191,233,2,river_candidate;road_candidate
2334,s,2335,zone_unconfirmed,,0,4,2,20,0,3,
2335,ne,2434,zone_unconfirmed,,0,3,0,39,60,5,route_crossing_candidate
2335,se,2435,zone_unconfirmed,,416,54,0,1341,296,6,river_candidate;road_candidate;route_crossing_candidate
2338,s,2339,zone_unconfirmed,,0,0,0,237,2,2,
2338,ne,2437,zone_unconfirmed,,800,0,0,2240,366,4,river_candidate;route_crossing_candidate
2338,se,2438,zone_unconfirmed,,635,40,5,1811,218,9,river_candidate;road_candidate;route_crossing_candidate
2339,s,2340,zone_unconfirmed,,0,0,0,0,0,0,no_feature_candidate;strong_no_feature_candidate
2339,ne,2438,zone_unconfirmed,,0,1,0,3,3,2,no_feature_candidate;strong_no_feature_candidate
2339,se,2439,zone_unconfirmed,,0,1,0,1,0,0,no_feature_candidate;strong_no_feature_candidate
2340,s,2341,zone_unconfirmed,,0,0,0,55,5,3,
2340,ne,2439,zone_unconfirmed,,0,0,0,2,2,3,no_feature_candidate;strong_no_feature_candidate
2340,se,2440,zone_unconfirmed,,0,49,5,226,17,5,road_candidate;route_crossing_candidate
2341,ne,2440,zone_unconfirmed,,0,0,0,51,39,0,
2341,se,2441,zone_unconfirmed,,323,19,0,854,262,9,river_candidate;road_candidate;route_crossing_candidate
2434,s,2435,zone_unconfirmed,,483,7,18,998,191,3,river_candidate;road_candidate;rail_or_primary_candidate
2434,se,2535,zone_unconfirmed,,675,19,0,1419,255,4,river_candidate;road_candidate;route_crossing_candidate
2435,ne,2535,zone_unconfirmed,,292,37,2,1067,252,6,river_candidate;road_candidate;route_crossing_candidate
2437,s,2438,zone_unconfirmed,,839,0,0,2599,372,0,river_candidate
2437,ne,2537,zone_unconfirmed,,0,1,0,2,76,0,no_feature_candidate
2437,se,2538,zone_unconfirmed,,296,14,0,1085,176,6,river_candidate;road_candidate;route_crossing_candidate
2438,s,2439,zone_unconfirmed,,0,10,1,35,2,3,road_candidate
2438,ne,2538,zone_unconfirmed,,658,15,0,1798,210,8,river_candidate;road_candidate;route_crossing_candidate
2438,se,2539,zone_unconfirmed,,0,2,42,126,10,7,rail_or_primary_candidate;route_crossing_candidate
2439,s,2440,zone_unconfirmed,,0,0,0,28,5,0,
2439,ne,2539,zone_unconfirmed,,0,2,0,19,2,1,
2439,se,2540,zone_unconfirmed,,0,3,0,15,5,3,
2440,s,2441,zone_unconfirmed,,258,4,3,528,73,1,river_candidate
2440,ne,2540,zone_unconfirmed,,0,1,0,38,40,6,route_crossing_candidate
2440,se,2541,zone_unconfirmed,,291,60,0,856,152,0,river_candidate;road_candidate
2441,ne,2541,zone_unconfirmed,,3,11,0,72,78,3,road_candidate
2441,se,2542,zone_unconfirmed,,341,55,0,801,268,7,river_candidate;road_candidate;route_crossing_candidate
2534,s,2535,zone_unconfirmed,,561,8,18,1066,276,3,river_candidate;road_candidate;rail_or_primary_candidate
2535,ne,2634,zone_unconfirmed,,0,145,0,527,188,6,road_candidate;route_crossing_candidate
2537,s,2538,zone_unconfirmed,,1,8,2,29,4,0,road_candidate
2537,ne,2636,zone_unconfirmed,,573,42,0,1836,288,6,river_candidate;road_candidate;route_crossing_candidate
2537,se,2637,zone_unconfirmed,,0,2,0,147,70,5,route_crossing_candidate
2538,s,2539,zone_unconfirmed,,0,32,3,130,9,9,road_candidate;route_crossing_candidate
2538,ne,2637,zone_unconfirmed,,7,14,0,216,40,6,road_candidate;route_crossing_candidate
2538,se,2638,zone_unconfirmed,,1,4,0,214,67,6,route_crossing_candidate
2539,s,2540,zone_unconfirmed,,0,0,0,9,3,0,no_feature_candidate;strong_no_feature_candidate
2539,ne,2638,zone_unconfirmed,,0,1,41,112,15,3,rail_or_primary_candidate
2539,se,2639,zone_unconfirmed,,0,1,0,1,1,0,no_feature_candidate;strong_no_feature_candidate
2540,s,2541,zone_unconfirmed,,250,17,0,454,106,0,river_candidate;road_candidate
2540,ne,2639,zone_unconfirmed,,0,0,0,0,0,3,no_feature_candidate;strong_no_feature_candidate
2540,se,2640,zone_unconfirmed,,0,7,0,122,19,6,road_candidate;route_crossing_candidate
2541,s,2542,zone_unconfirmed,,263,32,0,543,188,0,river_candidate;road_candidate
2541,ne,2640,zone_unconfirmed,,0,0,0,0,32,0,no_feature_candidate
2541,se,2641,zone_unconfirmed,,0,0,0,32,37,2,
2542,ne,2641,zone_unconfirmed,,302,48,0,909,185,0,river_candidate;road_candidate
2542,se,2642,zone_unconfirmed,,0,2,0,15,46,0,
2636,s,2637,zone_unconfirmed,,217,65,2,776,171,5,river_candidate;road_candidate;route_crossing_candidate
2636,ne,2736,zone_unconfirmed,,0,16,0,205,104,7,road_candidate;route_crossing_candidate
2636,se,2737,zone_unconfirmed,,0,1,0,9,39,0,no_feature_candidate
2637,s,2638,zone_unconfirmed,,256,24,0,536,198,0,river_candidate;road_candidate
2637,ne,2737,zone_unconfirmed,,297,49,0,945,179,1,river_candidate;road_candidate
2637,se,2738,zone_unconfirmed,,0,0,0,114,91,1,
2638,s,2639,zone_unconfirmed,,0,0,0,0,0,0,no_feature_candidate;strong_no_feature_candidate
2638,ne,2738,zone_unconfirmed,,284,55,0,825,177,2,river_candidate;road_candidate
2638,se,2739,zone_unconfirmed,,0,9,52,124,53,6,road_candidate;rail_or_primary_candidate;route_crossing_candidate
2639,s,2640,zone_unconfirmed,,0,0,0,0,0,0,no_feature_candidate;strong_no_feature_candidate
2639,ne,2739,zone_unconfirmed,,0,0,0,0,0,0,no_feature_candidate;strong_no_feature_candidate
2639,se,2740,zone_unconfirmed,,0,1,0,1,0,0,no_feature_candidate;strong_no_feature_candidate
2640,s,2641,zone_unconfirmed,,0,21,5,40,4,3,road_candidate
2640,ne,2740,zone_unconfirmed,,0,0,0,0,0,0,no_feature_candidate;strong_no_feature_candidate
2640,se,2741,zone_unconfirmed,,0,0,0,0,0,0,no_feature_candidate;strong_no_feature_candidate
2641,s,2642,zone_unconfirmed,,266,31,0,578,144,2,river_candidate;road_candidate
2641,ne,2741,zone_unconfirmed,,0,1,0,13,1,3,
2641,se,2742,zone_unconfirmed,,0,11,0,142,45,1,road_candidate
2642,ne,2742,zone_unconfirmed,,319,46,0,614,176,0,river_candidate;road_candidate
2736,s,2737,zone_unconfirmed,,0,0,0,0,0,0,no_feature_candidate;strong_no_feature_candidate
2736,ne,2835,zone_unconfirmed,,0,41,0,379,107,4,road_candidate;route_crossing_candidate
2736,se,2836,zone_unconfirmed,,0,0,0,2,1,0,no_feature_candidate;strong_no_feature_candidate
2737,s,2738,zone_unconfirmed,,204,20,0,413,131,0,river_candidate;road_candidate
2737,ne,2836,zone_unconfirmed,,0,0,0,0,0,0,no_feature_candidate;strong_no_feature_candidate
2737,se,2837,zone_unconfirmed,,0,0,0,55,14,0,
2738,s,2739,zone_unconfirmed,,181,26,0,562,87,2,river_candidate;road_candidate
2738,ne,2837,zone_unconfirmed,,0,0,0,28,56,0,
2738,se,2838,zone_unconfirmed,,302,52,0,708,210,0,river_candidate;road_candidate
2739,s,2740,zone_unconfirmed,,0,0,0,0,2,0,no_feature_candidate;strong_no_feature_candidate
2739,ne,2838,zone_unconfirmed,,229,78,0,625,161,7,river_candidate;road_candidate;route_crossing_candidate
2739,se,2839,zone_unconfirmed,,0,7,55,126,42,6,road_candidate;rail_or_primary_candidate;route_crossing_candidate
2740,s,2741,zone_unconfirmed,,0,0,34,64,7,12,rail_or_primary_candidate;route_crossing_candidate
2740,ne,2839,zone_unconfirmed,,0,1,12,81,6,8,rail_or_primary_candidate;route_crossing_candidate
2740,se,2840,zone_unconfirmed,,0,1,0,3,1,0,no_feature_candidate;strong_no_feature_candidate
2741,s,2742,zone_unconfirmed,,0,0,41,73,1,11,rail_or_primary_candidate;route_crossing_candidate
2741,ne,2840,zone_unconfirmed,,0,0,0,0,0,0,no_feature_candidate;strong_no_feature_candidate
2741,se,2841,zone_unconfirmed,,0,0,0,0,1,0,no_feature_candidate;strong_no_feature_candidate
2742,ne,2841,zone_unconfirmed,,0,9,0,30,3,7,road_candidate;route_crossing_candidate
2742,se,2842,zone_unconfirmed,,0,0,0,24,0,0,
2834,s,2835,zone_unconfirmed,,841,0,0,2591,372,1,river_candidate
2834,se,2935,zone_unconfirmed,,395,0,7,1327,227,18,river_candidate;route_crossing_candidate
2835,s,2836,zone_unconfirmed,,0,6,0,6,0,3,road_candidate;no_feature_candidate;strong_no_feature_candidate
2835,ne,2935,zone_unconfirmed,,795,0,0,2468,291,11,river_candidate;route_crossing_candidate
2835,se,2936,zone_unconfirmed,,0,55,0,286,74,5,road_candidate;route_crossing_candidate
2836,s,2837,zone_unconfirmed,,0,0,0,0,0,0,no_feature_candidate;strong_no_feature_candidate
2836,ne,2936,zone_unconfirmed,,0,0,183,261,25,3,rail_or_primary_candidate
2836,se,2937,zone_unconfirmed,,0,1,0,2,1,0,no_feature_candidate;strong_no_feature_candidate
2837,s,2838,zone_unconfirmed,,258,24,0,519,172,0,river_candidate;road_candidate
2837,ne,2937,zone_unconfirmed,,0,0,0,0,0,0,no_feature_candidate;strong_no_feature_candidate
2837,se,2938,zone_unconfirmed,,0,0,0,37,39,0,
2838,s,2839,zone_unconfirmed,,267,22,0,525,107,3,river_candidate;road_candidate
2838,ne,2938,zone_unconfirmed,,287,39,0,697,203,0,river_candidate;road_candidate
2838,se,2939,zone_unconfirmed,,0,39,0,156,87,2,road_candidate
2839,s,2840,zone_unconfirmed,,0,20,59,152,59,8,road_candidate;rail_or_primary_candidate;route_crossing_candidate
2839,ne,2939,zone_unconfirmed,,273,27,0,532,173,0,river_candidate;road_candidate
2839,se,2940,zone_unconfirmed,,285,37,0,576,110,0,river_candidate;road_candidate
2840,s,2841,zone_unconfirmed,,0,0,0,0,0,0,no_feature_candidate;strong_no_feature_candidate
2840,ne,2940,zone_unconfirmed,,259,42,0,687,142,3,river_candidate;road_candidate
2840,se,2941,zone_unconfirmed,,0,28,14,120,54,11,road_candidate;rail_or_primary_candidate;route_crossing_candidate
2841,s,2842,zone_unconfirmed,,0,0,0,0,0,0,no_feature_candidate;strong_no_feature_candidate
2841,ne,2941,zone_unconfirmed,,0,31,0,34,4,7,road_candidate;route_crossing_candidate
2841,se,2942,zone_unconfirmed,,0,0,0,0,0,0,no_feature_candidate;strong_no_feature_candidate
2842,ne,2942,zone_unconfirmed,,0,4,0,90,23,0,
2934,s,2935,zone_unconfirmed,,476,5,1,1360,182,0,river_candidate;road_candidate
2935,s,2936,zone_unconfirmed,,486,19,42,1583,203,8,river_candidate;road_candidate;rail_or_primary_candidate;route_crossing_candidate
2935,ne,3034,zone_unconfirmed,,412,0,3,1461,164,20,river_candidate;route_crossing_candidate
2935,se,3035,zone_unconfirmed,,269,7,0,1025,158,6,river_candidate;road_candidate;route_crossing_candidate
2936,s,2937,zone_unconfirmed,,0,12,1,62,4,3,road_candidate
2936,ne,3035,zone_unconfirmed,,321,61,0,900,233,7,river_candidate;road_candidate;route_crossing_candidate
2936,se,3036,zone_unconfirmed,,0,0,0,30,39,0,
2937,s,2938,zone_unconfirmed,,0,0,0,0,0,0,no_feature_candidate;strong_no_feature_candidate
2937,ne,3036,zone_unconfirmed,,0,3,0,23,1,0,
2937,se,3037,zone_unconfirmed,,0,12,0,25,1,1,road_candidate
2938,s,2939,zone_unconfirmed,,238,14,0,547,111,0,river_candidate;road_candidate
2938,ne,3037,zone_unconfirmed,,0,0,0,0,0,0,no_feature_candidate;strong_no_feature_candidate
2938,se,3038,zone_unconfirmed,,0,1,0,42,35,0,
2939,s,2940,zone_unconfirmed,,0,0,0,0,32,0,no_feature_candidate
2939,ne,3038,zone_unconfirmed,,269,29,0,687,173,3,river_candidate;road_candidate
2939,se,3039,zone_unconfirmed,,0,2,0,24,45,4,route_crossing_candidate
2940,s,2941,zone_unconfirmed,,259,32,0,500,128,0,river_candidate;road_candidate
2940,ne,3039,zone_unconfirmed,,0,1,0,2,0,0,no_feature_candidate;strong_no_feature_candidate
2940,se,3040,zone_unconfirmed,,0,2,0,77,36,2,
2941,s,2942,zone_unconfirmed,,0,0,0,0,0,0,no_feature_candidate;strong_no_feature_candidate
2941,ne,3040,zone_unconfirmed,,269,21,0,769,154,4,river_candidate;road_candidate;route_crossing_candidate
2941,se,3041,zone_unconfirmed,,0,20,18,115,48,10,road_candidate;rail_or_primary_candidate;route_crossing_candidate
2942,ne,3041,zone_unconfirmed,,0,0,0,52,33,0,
2942,se,3042,zone_unconfirmed,,293,36,0,598,186,0,river_candidate;road_candidate
3034,s,3035,zone_unconfirmed,,452,16,0,1043,231,4,river_candidate;road_candidate;route_crossing_candidate
3034,se,3135,zone_unconfirmed,,558,17,0,1241,279,5,river_candidate;road_candidate;route_crossing_candidate
3035,s,3036,zone_unconfirmed,,290,32,0,738,200,2,river_candidate;road_candidate
3035,ne,3135,zone_unconfirmed,,0,2,0,23,74,9,route_crossing_candidate
3035,se,3136,zone_unconfirmed,,0,0,0,84,36,4,route_crossing_candidate
3036,s,3037,zone_unconfirmed,,0,22,65,162,10,14,road_candidate;rail_or_primary_candidate;route_crossing_candidate
3036,ne,3136,zone_unconfirmed,,242,35,77,744,167,1,river_candidate;road_candidate;rail_or_primary_candidate
3036,se,3137,zone_unconfirmed,,0,2,0,39,36,0,
3037,s,3038,zone_unconfirmed,,0,21,0,39,3,3,road_candidate
3037,ne,3137,zone_unconfirmed,,0,0,0,7,0,1,no_feature_candidate;strong_no_feature_candidate
3037,se,3138,zone_unconfirmed,,0,25,83,214,12,11,road_candidate;rail_or_primary_candidate;route_crossing_candidate
3038,s,3039,zone_unconfirmed,,259,66,1,589,79,0,river_candidate;road_candidate
3038,ne,3138,zone_unconfirmed,,0,1,0,20,32,4,route_crossing_candidate
3038,se,3139,zone_unconfirmed,,289,53,0,667,148,4,river_candidate;road_candidate;route_crossing_candidate
3039,s,3040,zone_unconfirmed,,0,18,1,38,0,2,road_candidate
3039,ne,3139,zone_unconfirmed,,0,0,0,34,37,7,route_crossing_candidate
3039,se,3140,zone_unconfirmed,,0,0,0,0,0,0,no_feature_candidate;strong_no_feature_candidate
3040,s,3041,zone_unconfirmed,,278,23,0,601,148,2,river_candidate;road_candidate
3040,ne,3140,zone_unconfirmed,,0,0,0,2,0,0,no_feature_candidate;strong_no_feature_candidate
3040,se,3141,zone_unconfirmed,,0,1,0,108,50,0,
3041,s,3042,zone_unconfirmed,,261,40,0,542,169,0,river_candidate;road_candidate
3041,ne,3141,zone_unconfirmed,,332,46,0,679,189,3,river_candidate;road_candidate
3041,se,3142,zone_unconfirmed,,0,21,18,168,92,9,road_candidate;rail_or_primary_candidate;route_crossing_candidate
3042,ne,3142,zone_unconfirmed,,303,33,0,625,175,0,river_candidate;road_candidate
3134,s,3135,zone_unconfirmed,,356,14,159,1437,277,15,river_candidate;road_candidate;rail_or_primary_candidate;route_crossing_candidate
3135,s,3136,zone_unconfirmed,,0,34,104,283,20,24,road_candidate;rail_or_primary_candidate;route_crossing_candidate
3135,ne,3234,zone_unconfirmed,,0,10,59,263,90,11,road_candidate;rail_or_primary_candidate;route_crossing_candidate
3135,se,3235,zone_unconfirmed,,0,37,0,152,18,17,road_candidate;route_crossing_candidate
3136,s,3137,zone_unconfirmed,,220,13,46,551,110,3,river_candidate;road_candidate;rail_or_primary_candidate
3136,ne,3235,zone_unconfirmed,,0,1,0,1,0,0,no_feature_candidate;strong_no_feature_candidate
3136,se,3236,zone_unconfirmed,,0,0,0,138,39,0,
3137,s,3138,zone_unconfirmed,,0,1,54,95,4,19,rail_or_primary_candidate;route_crossing_candidate
3137,ne,3236,zone_unconfirmed,,322,47,0,615,161,0,river_candidate;road_candidate
3137,se,3237,zone_unconfirmed,,0,0,0,0,34,0,no_feature_candidate
3138,s,3139,zone_unconfirmed,,91,25,148,611,179,16,river_candidate;road_candidate;rail_or_primary_candidate;route_crossing_candidate
3138,ne,3237,zone_unconfirmed,,0,0,0,0,0,0,no_feature_candidate;strong_no_feature_candidate
3138,se,3238,zone_unconfirmed,,0,1,0,14,39,0,
3139,s,3140,zone_unconfirmed,,0,22,100,246,55,16,road_candidate;rail_or_primary_candidate;route_crossing_candidate
3139,ne,3238,zone_unconfirmed,,241,31,103,762,190,1,river_candidate;road_candidate;rail_or_primary_candidate
3139,se,3239,zone_unconfirmed,,225,23,0,626,81,0,river_candidate;road_candidate
3140,s,3141,zone_unconfirmed,,0,0,0,0,5,0,no_feature_candidate;strong_no_feature_candidate
3140,ne,3239,zone_unconfirmed,,321,57,0,698,132,3,river_candidate;road_candidate
3140,se,3240,zone_unconfirmed,,0,25,84,271,58,12,road_candidate;rail_or_primary_candidate;route_crossing_candidate
3141,s,3142,zone_unconfirmed,,187,35,0,429,72,0,river_candidate;road_candidate
3141,ne,3240,zone_unconfirmed,,0,0,3,69,7,0,
3141,se,3241,zone_unconfirmed,,0,0,0,69,15,0,
3142,ne,3241,zone_unconfirmed,,0,19,48,118,29,9,road_candidate;rail_or_primary_candidate;route_crossing_candidate
3142,se,3242,zone_unconfirmed,,0,0,0,37,3,0,
3234,s,3235,zone_unconfirmed,,0,8,0,157,9,9,road_candidate;route_crossing_candidate
3235,s,3236,zone_unconfirmed,,0,0,0,0,0,0,no_feature_candidate;strong_no_feature_candidate
3235,ne,3335,zone_unconfirmed,,0,1,0,32,4,1,
3235,se,3336,zone_unconfirmed,,0,40,16,172,13,19,road_candidate;rail_or_primary_candidate;route_crossing_candidate
3236,s,3237,zone_unconfirmed,,232,0,0,486,0,0,river_candidate
3236,ne,3336,zone_unconfirmed,,0,0,0,38,34,0,
3236,se,3337,zone_unconfirmed,,276,53,0,637,131,0,river_candidate;road_candidate
3237,s,3238,zone_unconfirmed,,0,0,0,0,0,0,no_feature_candidate;strong_no_feature_candidate
3237,ne,3337,zone_unconfirmed,,0,0,0,0,36,0,no_feature_candidate
3237,se,3338,zone_unconfirmed,,0,0,0,0,0,0,no_feature_candidate;strong_no_feature_candidate
3238,s,3239,zone_unconfirmed,,0,0,3,156,44,2,
3238,ne,3338,zone_unconfirmed,,0,0,0,0,0,0,no_feature_candidate;strong_no_feature_candidate
3238,se,3339,zone_unconfirmed,,0,0,74,116,14,1,rail_or_primary_candidate
3239,s,3240,zone_unconfirmed,,257,30,0,510,151,0,river_candidate;road_candidate
3239,ne,3339,zone_unconfirmed,,0,0,0,1,2,0,no_feature_candidate;strong_no_feature_candidate
3239,se,3340,zone_unconfirmed,,0,3,0,61,37,0,
3240,s,3241,zone_unconfirmed,,0,2,102,233,20,20,rail_or_primary_candidate;route_crossing_candidate
3240,ne,3340,zone_unconfirmed,,278,35,0,651,143,0,river_candidate;road_candidate
3240,se,3341,zone_unconfirmed,,0,0,0,0,37,0,no_feature_candidate
3241,s,3242,zone_unconfirmed,,0,43,111,298,22,14,road_candidate;rail_or_primary_candidate;route_crossing_candidate
3242,ne,3342,zone_unconfirmed,,0,1,44,154,10,0,rail_or_primary_candidate
