hex_id,terrain,source_ref,other_features,victory_points
3200,clear,Stal42_Map_west-FINAL-150 Q12.jpg crop x1900-2620 y80-550,none,0
3201,clear,Stal42_Map_west-FINAL-150 Q12.jpg crop x1900-2620 y80-550,none,0
3202,clear,Stal42_Map_west-FINAL-150 Q12.jpg crop x1900-2620 y80-550,landmark,0
3300,clear,Stal42_Map_west-FINAL-150 Q12.jpg crop x1900-2620 y80-550,none,1
3301,clear,Stal42_Map_west-FINAL-150 Q12.jpg crop x1900-2620 y80-550,none,0
3302,clear,Stal42_Map_west-FINAL-150 Q12.jpg crop x1900-2620 y80-550,none,0
3400,clear,Stal42_Map_west-FINAL-150 Q12.jpg crop x1900-2620 y80-550,none,0
3401,clear,Stal42_Map_west-FINAL-150 Q12.jpg crop x1900-2620 y80-550,none,0
3402,clear,Stal42_Map_west-FINAL-150 Q12.jpg crop x1900-2620 y80-550,none,0
