hex_id,direction,neighbor_id,review_status,crossing_features,source_ref
1001,s,1002,unreviewed,,
1001,ne,1101,unreviewed,,
1001,se,1102,unreviewed,,
1002,s,1003,unreviewed,,
1002,ne,1102,unreviewed,,
1002,se,1103,unreviewed,,
1003,s,1004,unreviewed,,
1003,ne,1103,unreviewed,,
1003,se,1104,unreviewed,,
1004,s,1005,unreviewed,,
1004,ne,1104,unreviewed,,
1004,se,1105,unreviewed,,
1005,s,1006,unreviewed,,
1005,ne,1105,unreviewed,,
1005,se,1106,unreviewed,,
1006,s,1007,unreviewed,,
1006,ne,1106,unreviewed,,
1006,se,1107,unreviewed,,
1007,s,1008,unreviewed,,
1007,ne,1107,unreviewed,,
1007,se,1108,unreviewed,,
1008,s,1009,unreviewed,,
1008,ne,1108,unreviewed,,
1008,se,1109,unreviewed,,
1009,s,1010,unreviewed,,
1009,ne,1109,unreviewed,,
1009,se,1110,unreviewed,,
1010,s,1011,unreviewed,,
1010,ne,1110,unreviewed,,
1010,se,1111,unreviewed,,
1011,s,1012,unreviewed,,
1011,ne,1111,unreviewed,,
1011,se,1112,unreviewed,,
1012,s,1013,unreviewed,,
1012,ne,1112,unreviewed,,
1012,se,1113,unreviewed,,
1013,ne,1113,unreviewed,,
1101,s,1102,unreviewed,,
1101,ne,1200,unreviewed,,
1101,se,1201,unreviewed,,
1102,s,1103,unreviewed,,
1102,ne,1201,unreviewed,,
1102,se,1202,unreviewed,,
1103,s,1104,unreviewed,,
1103,ne,1202,unreviewed,,
1103,se,1203,unreviewed,,
1104,s,1105,unreviewed,,
1104,ne,1203,unreviewed,,
1104,se,1204,unreviewed,,
1105,s,1106,unreviewed,,
1105,ne,1204,unreviewed,,
1105,se,1205,unreviewed,,
1106,s,1107,unreviewed,,
1106,ne,1205,unreviewed,,
1106,se,1206,unreviewed,,
1107,s,1108,unreviewed,,
1107,ne,1206,unreviewed,,
1107,se,1207,unreviewed,,
1108,s,1109,unreviewed,,
1108,ne,1207,unreviewed,,
1108,se,1208,unreviewed,,
1109,s,1110,unreviewed,,
1109,ne,1208,unreviewed,,
1109,se,1209,unreviewed,,
1110,s,1111,unreviewed,,
1110,ne,1209,unreviewed,,
1110,se,1210,unreviewed,,
1111,s,1112,unreviewed,,
1111,ne,1210,unreviewed,,
1111,se,1211,unreviewed,,
1112,s,1113,unreviewed,,
1112,ne,1211,unreviewed,,
1112,se,1212,unreviewed,,
1113,ne,1212,unreviewed,,
1113,se,1213,unreviewed,,
1200,s,1201,reviewed,none,Stal42_Map_west-FINAL-150 Q12.jpg top-left crop x0-850 y0-900
1200,ne,1300,reviewed,none,Stal42_Map_west-FINAL-150 Q12.jpg top-left crop x0-850 y0-900
1200,se,1301,reviewed,secondary_road,Stal42_Map_west-FINAL-150 Q12.jpg top-left crop x0-850 y0-900
1201,s,1202,reviewed,none,Stal42_Map_west-FINAL-150 Q12.jpg top-left crop x0-850 y0-900
1201,ne,1301,reviewed,none,Stal42_Map_west-FINAL-150 Q12.jpg top-left crop x0-850 y0-900
1201,se,1302,reviewed,none,Stal42_Map_west-FINAL-150 Q12.jpg top-left crop x0-850 y0-900
1202,s,1203,unreviewed,,
1202,ne,1302,reviewed,none,Stal42_Map_west-FINAL-150 Q12.jpg top-left crop x0-850 y0-900
1202,se,1303,unreviewed,,
1203,s,1204,unreviewed,,
1203,ne,1303,unreviewed,,
1203,se,1304,unreviewed,,
1204,s,1205,unreviewed,,
1204,ne,1304,unreviewed,,
1204,se,1305,unreviewed,,
1205,s,1206,unreviewed,,
1205,ne,1305,unreviewed,,
1205,se,1306,unreviewed,,
1206,s,1207,unreviewed,,
1206,ne,1306,unreviewed,,
1206,se,1307,unreviewed,,
1207,s,1208,unreviewed,,
1207,ne,1307,unreviewed,,
1207,se,1308,unreviewed,,
1208,s,1209,unreviewed,,
1208,ne,1308,unreviewed,,
1208,se,1309,unreviewed,,
1209,s,1210,unreviewed,,
1209,ne,1309,unreviewed,,
1209,se,1310,unreviewed,,
1210,s,1211,unreviewed,,
1210,ne,1310,unreviewed,,
1210,se,1311,unreviewed,,
1211,s,1212,unreviewed,,
1211,ne,1311,unreviewed,,
1211,se,1312,unreviewed,,
1212,s,1213,unreviewed,,
1212,ne,1312,unreviewed,,
1212,se,1313,unreviewed,,
1213,ne,1313,unreviewed,,
1300,s,1301,reviewed,none,Stal42_Map_west-FINAL-150 Q12.jpg top-left crop x0-850 y0-900
1300,se,1400,reviewed,none,Stal42_Map_west-FINAL-150 Q12.jpg top-left crop x0-850 y0-900
1301,s,1302,reviewed,secondary_road,Stal42_Map_west-FINAL-150 Q12.jpg top-left crop x0-850 y0-900
1301,ne,1400,reviewed,none,Stal42_Map_west-FINAL-150 Q12.jpg top-left crop x0-850 y0-900
1301,se,1401,reviewed,none,Stal42_Map_west-FINAL-150 Q12.jpg top-left crop x0-850 y0-900
1302,s,1303,unreviewed,,
1302,ne,1401,reviewed,none,Stal42_Map_west-FINAL-150 Q12.jpg top-left crop x0-850 y0-900
1302,se,1402,reviewed,secondary_road,Stal42_Map_west-FINAL-150 Q12.jpg top-left crop x0-850 y0-900
1303,s,1304,unreviewed,,
1303,ne,1402,unreviewed,,
1303,se,1403,unreviewed,,
1304,s,1305,unreviewed,,
1304,ne,1403,unreviewed,,
1304,se,1404,unreviewed,,
1305,s,1306,unreviewed,,
1305,ne,1404,unreviewed,,
1305,se,1405,unreviewed,,
1306,s,1307,unreviewed,,
1306,ne,1405,unreviewed,,
1306,se,1406,unreviewed,,
1307,s,1308,unreviewed,,
1307,ne,1406,unreviewed,,
1307,se,1407,unreviewed,,
1308,s,1309,unreviewed,,
1308,ne,1407,unreviewed,,
1308,se,1408,unreviewed,,
1309,s,1310,unreviewed,,
1309,ne,1408,unreviewed,,
1309,se,1409,unreviewed,,
1310,s,1311,unreviewed,,
1310,ne,1409,unreviewed,,
1310,se,1410,unreviewed,,
1311,s,1312,unreviewed,,
1311,ne,1410,unreviewed,,
1311,se,1411,unreviewed,,
1312,s,1313,unreviewed,,
1312,ne,1411,unreviewed,,
1312,se,1412,unreviewed,,
1313,ne,1412,unreviewed,,
1313,se,1413,unreviewed,,
1400,s,1401,reviewed,none,Stal42_Map_west-FINAL-150 Q12.jpg top-left crop x0-850 y0-900
1400,ne,1500,reviewed,none,Stal42_Map_west-FINAL-150 Q12.jpg crop x455-765 y55-445
1400,se,1501,reviewed,none,Stal42_Map_west-FINAL-150 Q12.jpg crop x455-765 y55-445
1401,s,1402,reviewed,none,Stal42_Map_west-FINAL-150 Q12.jpg top-left crop x0-850 y0-900
1401,ne,1501,reviewed,none,Stal42_Map_west-FINAL-150 Q12.jpg crop x455-765 y55-445
1401,se,1502,reviewed,none,Stal42_Map_west-FINAL-150 Q12.jpg crop x455-765 y55-445
1402,s,1403,unreviewed,,
1402,ne,1502,reviewed,none,Stal42_Map_west-FINAL-150 Q12.jpg crop x455-765 y55-445
1402,se,1503,unreviewed,,
1403,s,1404,unreviewed,,
1403,ne,1503,unreviewed,,
1403,se,1504,unreviewed,,
1404,s,1405,unreviewed,,
1404,ne,1504,unreviewed,,
1404,se,1505,unreviewed,,
1405,s,1406,unreviewed,,
1405,ne,1505,unreviewed,,
1405,se,1506,unreviewed,,
1406,s,1407,unreviewed,,
1406,ne,1506,unreviewed,,
1406,se,1507,unreviewed,,
1407,s,1408,unreviewed,,
1407,ne,1507,unreviewed,,
1407,se,1508,unreviewed,,
1408,s,1409,unreviewed,,
1408,ne,1508,unreviewed,,
1408,se,1509,unreviewed,,
1409,s,1410,unreviewed,,
1409,ne,1509,unreviewed,,
1409,se,1510,unreviewed,,
1410,s,1411,unreviewed,,
1410,ne,1510,unreviewed,,
1410,se,1511,unreviewed,,
1411,s,1412,unreviewed,,
1411,ne,1511,unreviewed,,
1411,se,1512,unreviewed,,
1412,s,1413,unreviewed,,
1412,ne,1512,unreviewed,,
1412,se,1513,unreviewed,,
1413,ne,1513,unreviewed,,
1415,ne,1515,unreviewed,,
1500,s,1501,reviewed,none,Stal42_Map_west-FINAL-150 Q12.jpg crop x585-970 y45-475
1500,se,1600,reviewed,minor_river,Stal42_Map_west-FINAL-150 Q12.jpg crop x585-970 y45-475
1501,s,1502,reviewed,none,Stal42_Map_west-FINAL-150 Q12.jpg crop x585-970 y45-475
1501,ne,1600,reviewed,minor_river,Stal42_Map_west-FINAL-150 Q12.jpg crop x585-970 y45-475
1501,se,1601,reviewed,minor_river,Stal42_Map_west-FINAL-150 Q12.jpg crop x585-970 y45-475
1502,s,1503,unreviewed,,
1502,ne,1601,reviewed,minor_river,Stal42_Map_west-FINAL-150 Q12.jpg crop x585-970 y45-475
1502,se,1602,reviewed,minor_river,Stal42_Map_west-FINAL-150 Q12.jpg crop x585-970 y45-475
1503,s,1504,unreviewed,,
1503,ne,1602,unreviewed,,
1503,se,1603,unreviewed,,
1504,s,1505,unreviewed,,
1504,ne,1603,unreviewed,,
1504,se,1604,unreviewed,,
1505,s,1506,unreviewed,,
1505,ne,1604,unreviewed,,
1505,se,1605,unreviewed,,
1506,s,1507,unreviewed,,
1506,ne,1605,unreviewed,,
1506,se,1606,unreviewed,,
1507,s,1508,unreviewed,,
1507,ne,1606,unreviewed,,
1507,se,1607,unreviewed,,
1508,s,1509,unreviewed,,
1508,ne,1607,unreviewed,,
1508,se,1608,unreviewed,,
1509,s,1510,unreviewed,,
1509,ne,1608,unreviewed,,
1509,se,1609,unreviewed,,
1510,s,1511,unreviewed,,
1510,ne,1609,unreviewed,,
1510,se,1610,unreviewed,,
1511,s,1512,unreviewed,,
1511,ne,1610,unreviewed,,
1511,se,1611,unreviewed,,
1512,s,1513,unreviewed,,
1512,ne,1611,unreviewed,,
1512,se,1612,unreviewed,,
1513,ne,1612,unreviewed,,
1513,se,1613,unreviewed,,
1517,s,1518,unreviewed,,
1600,s,1601,reviewed,secondary_road,Stal42_Map_west-FINAL-150 Q12.jpg crop x585-970 y45-475
1600,ne,1700,reviewed,none,Stal42_Map_west-FINAL-150 Q12.jpg crop x585-970 y45-475
1600,se,1701,reviewed,none,Stal42_Map_west-FINAL-150 Q12.jpg crop x585-970 y45-475
1601,s,1602,reviewed,secondary_road,Stal42_Map_west-FINAL-150 Q12.jpg crop x585-970 y45-475
1601,ne,1701,reviewed,none,Stal42_Map_west-FINAL-150 Q12.jpg crop x585-970 y45-475
1601,se,1702,reviewed,none,Stal42_Map_west-FINAL-150 Q12.jpg crop x585-970 y45-475
1602,s,1603,unreviewed,,
1602,ne,1702,reviewed,none,Stal42_Map_west-FINAL-150 Q12.jpg crop x585-970 y45-475
1602,se,1703,unreviewed,,
1603,s,1604,unreviewed,,
1603,ne,1703,unreviewed,,
1603,se,1704,unreviewed,,
1604,s,1605,unreviewed,,
1604,ne,1704,unreviewed,,
1604,se,1705,unreviewed,,
1605,s,1606,unreviewed,,
1605,ne,1705,unreviewed,,
1605,se,1706,unreviewed,,
1606,s,1607,unreviewed,,
1606,ne,1706,unreviewed,,
1606,se,1707,unreviewed,,
1607,s,1608,unreviewed,,
1607,ne,1707,unreviewed,,
1607,se,1708,unreviewed,,
1608,s,1609,unreviewed,,
1608,ne,1708,unreviewed,,
1608,se,1709,unreviewed,,
1609,s,1610,unreviewed,,
1609,ne,1709,unreviewed,,
1609,se,1710,unreviewed,,
1610,s,1611,unreviewed,,
1610,ne,1710,unreviewed,,
1610,se,1711,unreviewed,,
1611,s,1612,unreviewed,,
1611,ne,1711,unreviewed,,
1611,se,1712,unreviewed,,
1612,s,1613,unreviewed,,
1612,ne,1712,unreviewed,,
1612,se,1713,unreviewed,,
1613,ne,1713,unreviewed,,
1613,se,1714,unreviewed,,
1620,s,1621,unreviewed,,
1620,se,1721,unreviewed,,
1621,ne,1721,unreviewed,,
1621,se,1722,unreviewed,,
1700,s,1701,reviewed,none,Stal42_Map_west-FINAL-150 Q12.jpg crop x585-970 y45-475
1700,se,1800,reviewed,minor_river,Stal42_Map_west-FINAL-150 Q12.jpg crop x585-970 y45-475
1701,s,1702,reviewed,none,Stal42_Map_west-FINAL-150 Q12.jpg crop x585-970 y45-475
1701,ne,1800,reviewed,minor_river,Stal42_Map_west-FINAL-150 Q12.jpg crop x585-970 y45-475
1701,se,1801,reviewed,minor_river,Stal42_Map_west-FINAL-150 Q12.jpg crop x585-970 y45-475
1702,s,1703,unreviewed,,
1702,ne,1801,reviewed,minor_river,Stal42_Map_west-FINAL-150 Q12.jpg crop x585-970 y45-475
1702,se,1802,reviewed,minor_river,Stal42_Map_west-FINAL-150 Q12.jpg crop x585-970 y45-475
1703,s,1704,unreviewed,,
1703,ne,1802,unreviewed,,
1703,se,1803,unreviewed,,
1704,s,1705,unreviewed,,
1704,ne,1803,unreviewed,,
1704,se,1804,unreviewed,,
1705,s,1706,unreviewed,,
1705,ne,1804,unreviewed,,
1705,se,1805,unreviewed,,
1706,s,1707,unreviewed,,
1706,ne,1805,unreviewed,,
1706,se,1806,unreviewed,,
1707,s,1708,unreviewed,,
1707,ne,1806,unreviewed,,
1707,se,1807,unreviewed,,
1708,s,1709,unreviewed,,
1708,ne,1807,unreviewed,,
1708,se,1808,unreviewed,,
1709,s,1710,unreviewed,,
1709,ne,1808,unreviewed,,
1709,se,1809,unreviewed,,
1710,s,1711,unreviewed,,
1710,ne,1809,unreviewed,,
1710,se,1810,unreviewed,,
1711,s,1712,unreviewed,,
1711,ne,1810,unreviewed,,
1711,se,1811,unreviewed,,
1712,s,1713,unreviewed,,
1712,ne,1811,unreviewed,,
1712,se,1812,unreviewed,,
1713,s,1714,unreviewed,,
1713,ne,1812,unreviewed,,
1713,se,1813,unreviewed,,
1714,s,1715,unreviewed,,
1714,ne,1813,unreviewed,,
1714,se,1814,unreviewed,,
1715,s,1716,unreviewed,,
1715,ne,1814,unreviewed,,
1715,se,1815,unreviewed,,
1716,s,1717,unreviewed,,
1716,ne,1815,unreviewed,,
1716,se,1816,unreviewed,,
1717,ne,1816,unreviewed,,
1717,se,1817,unreviewed,,
1719,ne,1818,unreviewed,,
1719,se,1819,unreviewed,,
1721,s,1722,unreviewed,,
1721,ne,1820,unreviewed,,
1721,se,1821,unreviewed,,
1722,ne,1821,unreviewed,,
1722,se,1822,unreviewed,,
1800,s,1801,reviewed,none,Stal42_Map_west-FINAL-150 Q12.jpg crop x850-1160 y45-455
1800,ne,1900,reviewed,none,Stal42_Map_west-FINAL-150 Q12.jpg crop x850-1160 y45-455
1800,se,1901,reviewed,none,Stal42_Map_west-FINAL-150 Q12.jpg crop x850-1160 y45-455
1801,s,1802,reviewed,none,Stal42_Map_west-FINAL-150 Q12.jpg crop x850-1160 y45-455
1801,ne,1901,reviewed,none,Stal42_Map_west-FINAL-150 Q12.jpg crop x850-1160 y45-455
1801,se,1902,reviewed,none,Stal42_Map_west-FINAL-150 Q12.jpg crop x850-1160 y45-455
1802,s,1803,unreviewed,,
1802,ne,1902,reviewed,none,Stal42_Map_west-FINAL-150 Q12.jpg crop x850-1160 y45-455
1802,se,1903,unreviewed,,
1803,s,1804,unreviewed,,
1803,ne,1903,unreviewed,,
1803,se,1904,unreviewed,,
1804,s,1805,unreviewed,,
1804,ne,1904,unreviewed,,
1804,se,1905,unreviewed,,
1805,s,1806,unreviewed,,
1805,ne,1905,unreviewed,,
1805,se,1906,unreviewed,,
1806,s,1807,unreviewed,,
1806,ne,1906,unreviewed,,
1806,se,1907,unreviewed,,
1807,s,1808,unreviewed,,
1807,ne,1907,unreviewed,,
1807,se,1908,unreviewed,,
1808,s,1809,unreviewed,,
1808,ne,1908,unreviewed,,
1808,se,1909,unreviewed,,
1809,s,1810,unreviewed,,
1809,ne,1909,unreviewed,,
1809,se,1910,unreviewed,,
1810,s,1811,unreviewed,,
1810,ne,1910,unreviewed,,
1810,se,1911,unreviewed,,
1811,s,1812,unreviewed,,
1811,ne,1911,unreviewed,,
1811,se,1912,unreviewed,,
1812,s,1813,unreviewed,,
1812,ne,1912,unreviewed,,
1812,se,1913,unreviewed,,
1813,s,1814,unreviewed,,
1813,ne,1913,unreviewed,,
1813,se,1914,unreviewed,,
1814,s,1815,unreviewed,,
1814,ne,1914,unreviewed,,
1814,se,1915,unreviewed,,
1815,s,1816,unreviewed,,
1815,ne,1915,unreviewed,,
1815,se,1916,unreviewed,,
1816,s,1817,unreviewed,,
1816,ne,1916,unreviewed,,
1816,se,1917,unreviewed,,
1817,s,1818,unreviewed,,
1817,ne,1917,unreviewed,,
1817,se,1918,unreviewed,,
1818,s,1819,unreviewed,,
1818,ne,1918,unreviewed,,
1818,se,1919,unreviewed,,
1819,s,1820,unreviewed,,
1819,ne,1919,unreviewed,,
1819,se,1920,unreviewed,,
1820,s,1821,unreviewed,,
1820,ne,1920,unreviewed,,
1820,se,1921,unreviewed,,
1821,s,1822,unreviewed,,
1821,ne,1921,unreviewed,,
1821,se,1922,unreviewed,,
1822,s,1823,unreviewed,,
1822,ne,1922,unreviewed,,
1822,se,1923,unreviewed,,
1823,s,1824,unreviewed,,
1823,ne,1923,unreviewed,,
1823,se,1924,unreviewed,,
1824,s,1825,unreviewed,,
1824,ne,1924,unreviewed,,
1824,se,1925,unreviewed,,
1825,s,1826,unreviewed,,
1825,ne,1925,unreviewed,,
1825,se,1926,unreviewed,,
1826,s,1827,unreviewed,,
1826,ne,1926,unreviewed,,
1826,se,1927,unreviewed,,
1827,s,1828,unreviewed,,
1827,ne,1927,unreviewed,,
1827,se,1928,unreviewed,,
1828,s,1829,unreviewed,,
1828,ne,1928,unreviewed,,
1828,se,1929,unreviewed,,
1829,s,1830,unreviewed,,
1829,ne,1929,unreviewed,,
1829,se,1930,unreviewed,,
1830,s,1831,unreviewed,,
1830,ne,1930,unreviewed,,
1830,se,1931,unreviewed,,
1831,s,1832,unreviewed,,
1831,ne,1931,unreviewed,,
1831,se,1932,unreviewed,,
1832,s,1833,unreviewed,,
1832,ne,1932,unreviewed,,
1832,se,1933,unreviewed,,
1833,s,1834,unreviewed,,
1833,ne,1933,unreviewed,,
1833,se,1934,unreviewed,,
1834,ne,1934,unreviewed,,
1900,s,1901,reviewed,none,Stal42_Map_west-FINAL-150 Q12.jpg crop x850-1160 y45-455
1900,se,2000,reviewed,minor_river,Stal42_Map_west-FINAL-150 Q12.jpg crop x850-1160 y45-455
1901,s,1902,reviewed,none,Stal42_Map_west-FINAL-150 Q12.jpg crop x850-1160 y45-455
1901,ne,2000,reviewed,minor_river,Stal42_Map_west-FINAL-150 Q12.jpg crop x850-1160 y45-455
1901,se,2001,reviewed,minor_river,Stal42_Map_west-FINAL-150 Q12.jpg crop x850-1160 y45-455
1902,s,1903,unreviewed,,
1902,ne,2001,reviewed,minor_river,Stal42_Map_west-FINAL-150 Q12.jpg crop x850-1160 y45-455
1902,se,2002,reviewed,minor_river,Stal42_Map_west-FINAL-150 Q12.jpg crop x850-1160 y45-455
1903,s,1904,unreviewed,,
1903,ne,2002,unreviewed,,
1903,se,2003,unreviewed,,
1904,s,1905,unreviewed,,
1904,ne,2003,unreviewed,,
1904,se,2004,unreviewed,,
1905,s,1906,unreviewed,,
1905,ne,2004,unreviewed,,
1905,se,2005,unreviewed,,
1906,s,1907,unreviewed,,
1906,ne,2005,unreviewed,,
1906,se,2006,unreviewed,,
1907,s,1908,unreviewed,,
1907,ne,2006,unreviewed,,
1907,se,2007,unreviewed,,
1908,s,1909,unreviewed,,
1908,ne,2007,unreviewed,,
1908,se,2008,unreviewed,,
1909,s,1910,unreviewed,,
1909,ne,2008,unreviewed,,
1909,se,2009,unreviewed,,
1910,s,1911,unreviewed,,
1910,ne,2009,unreviewed,,
1910,se,2010,unreviewed,,
1911,s,1912,unreviewed,,
1911,ne,2010,unreviewed,,
1911,se,2011,unreviewed,,
1912,s,1913,unreviewed,,
1912,ne,2011,unreviewed,,
1912,se,2012,unreviewed,,
1913,s,1914,unreviewed,,
1913,ne,2012,unreviewed,,
1913,se,2013,unreviewed,,
1914,s,1915,unreviewed,,
1914,ne,2013,unreviewed,,
1914,se,2014,unreviewed,,
1915,s,1916,unreviewed,,
1915,ne,2014,unreviewed,,
1915,se,2015,unreviewed,,
1916,s,1917,unreviewed,,
1916,ne,2015,unreviewed,,
1916,se,2016,unreviewed,,
1917,s,1918,unreviewed,,
1917,ne,2016,unreviewed,,
1917,se,2017,unreviewed,,
1918,s,1919,unreviewed,,
1918,ne,2017,unreviewed,,
1918,se,2018,unreviewed,,
1919,s,1920,unreviewed,,
1919,ne,2018,unreviewed,,
1919,se,2019,unreviewed,,
1920,s,1921,unreviewed,,
1920,ne,2019,unreviewed,,
1920,se,2020,unreviewed,,
1921,s,1922,unreviewed,,
1921,ne,2020,unreviewed,,
1921,se,2021,unreviewed,,
1922,s,1923,unreviewed,,
1922,ne,2021,unreviewed,,
1922,se,2022,unreviewed,,
1923,s,1924,unreviewed,,
1923,ne,2022,unreviewed,,
1923,se,2023,unreviewed,,
1924,s,1925,unreviewed,,
1924,ne,2023,unreviewed,,
1924,se,2024,unreviewed,,
1925,s,1926,unreviewed,,
1925,ne,2024,unreviewed,,
1925,se,2025,unreviewed,,
1926,s,1927,unreviewed,,
1926,ne,2025,unreviewed,,
1926,se,2026,unreviewed,,
1927,s,1928,unreviewed,,
1927,ne,2026,unreviewed,,
1927,se,2027,unreviewed,,
1928,s,1929,unreviewed,,
1928,ne,2027,unreviewed,,
1928,se,2028,unreviewed,,
1929,s,1930,unreviewed,,
1929,ne,2028,unreviewed,,
1929,se,2029,unreviewed,,
1930,s,1931,unreviewed,,
1930,ne,2029,unreviewed,,
1930,se,2030,unreviewed,,
1931,s,1932,unreviewed,,
1931,ne,2030,unreviewed,,
1931,se,2031,unreviewed,,
1932,s,1933,unreviewed,,
1932,ne,2031,unreviewed,,
1932,se,2032,unreviewed,,
1933,s,1934,unreviewed,,
1933,ne,2032,unreviewed,,
1933,se,2033,unreviewed,,
1934,ne,2033,unreviewed,,
1934,se,2034,unreviewed,,
2000,s,2001,reviewed,railroad,Stal42_Map_west-FINAL-150 Q12.jpg crop x1060-1430 y60-490
2000,ne,2100,reviewed,railroad,Stal42_Map_west-FINAL-150 Q12.jpg crop x1060-1430 y60-490
2000,se,2101,reviewed,none,Stal42_Map_west-FINAL-150 Q12.jpg crop x1060-1430 y60-490
2001,s,2002,reviewed,railroad,Stal42_Map_west-FINAL-150 Q12.jpg crop x1060-1430 y60-490
2001,ne,2101,reviewed,none,Stal42_Map_west-FINAL-150 Q12.jpg crop x1060-1430 y60-490
2001,se,2102,reviewed,none,Stal42_Map_west-FINAL-150 Q12.jpg crop x1060-1430 y60-490
2002,s,2003,unreviewed,,
2002,ne,2102,reviewed,none,Stal42_Map_west-FINAL-150 Q12.jpg crop x1060-1430 y60-490
2002,se,2103,unreviewed,,
2003,s,2004,unreviewed,,
2003,ne,2103,unreviewed,,
2003,se,2104,unreviewed,,
2004,s,2005,unreviewed,,
2004,ne,2104,unreviewed,,
2004,se,2105,unreviewed,,
2005,s,2006,unreviewed,,
2005,ne,2105,unreviewed,,
2005,se,2106,unreviewed,,
2006,s,2007,unreviewed,,
2006,ne,2106,unreviewed,,
2006,se,2107,unreviewed,,
2007,s,2008,unreviewed,,
2007,ne,2107,unreviewed,,
2007,se,2108,unreviewed,,
2008,s,2009,unreviewed,,
2008,ne,2108,unreviewed,,
2008,se,2109,unreviewed,,
2009,s,2010,unreviewed,,
2009,ne,2109,unreviewed,,
2009,se,2110,unreviewed,,
2010,s,2011,unreviewed,,
2010,ne,2110,unreviewed,,
2010,se,2111,unreviewed,,
2011,s,2012,unreviewed,,
2011,ne,2111,unreviewed,,
2011,se,2112,unreviewed,,
2012,s,2013,unreviewed,,
2012,ne,2112,unreviewed,,
2012,se,2113,unreviewed,,
2013,s,2014,unreviewed,,
2013,ne,2113,unreviewed,,
2013,se,2114,unreviewed,,
2014,s,2015,unreviewed,,
2014,ne,2114,unreviewed,,
2014,se,2115,unreviewed,,
2015,s,2016,unreviewed,,
2015,ne,2115,unreviewed,,
2015,se,2116,unreviewed,,
2016,s,2017,unreviewed,,
2016,ne,2116,unreviewed,,
2016,se,2117,unreviewed,,
2017,s,2018,unreviewed,,
2017,ne,2117,unreviewed,,
2017,se,2118,unreviewed,,
2018,s,2019,unreviewed,,
2018,ne,2118,unreviewed,,
2018,se,2119,unreviewed,,
2019,s,2020,unreviewed,,
2019,ne,2119,unreviewed,,
2019,se,2120,unreviewed,,
2020,s,2021,unreviewed,,
2020,ne,2120,unreviewed,,
2020,se,2121,unreviewed,,
2021,s,2022,unreviewed,,
2021,ne,2121,unreviewed,,
2021,se,2122,unreviewed,,
2022,s,2023,unreviewed,,
2022,ne,2122,unreviewed,,
2022,se,2123,unreviewed,,
2023,s,2024,unreviewed,,
2023,ne,2123,unreviewed,,
2023,se,2124,unreviewed,,
2024,s,2025,unreviewed,,
2024,ne,2124,unreviewed,,
2024,se,2125,unreviewed,,
2025,s,2026,unreviewed,,
2025,ne,2125,unreviewed,,
2025,se,2126,unreviewed,,
2026,s,2027,unreviewed,,
2026,ne,2126,unreviewed,,
2026,se,2127,unreviewed,,
2027,s,2028,unreviewed,,
2027,ne,2127,unreviewed,,
2027,se,2128,unreviewed,,
2028,s,2029,unreviewed,,
2028,ne,2128,unreviewed,,
2028,se,2129,unreviewed,,
2029,s,2030,unreviewed,,
2029,ne,2129,unreviewed,,
2029,se,2130,unreviewed,,
2030,s,2031,unreviewed,,
2030,ne,2130,unreviewed,,
2030,se,2131,unreviewed,,
2031,s,2032,unreviewed,,
2031,ne,2131,unreviewed,,
2031,se,2132,unreviewed,,
2032,s,2033,unreviewed,,
2032,ne,2132,unreviewed,,
2032,se,2133,unreviewed,,
2033,s,2034,unreviewed,,
2033,ne,2133,unreviewed,,
2033,se,2134,unreviewed,,
2034,ne,2134,unreviewed,,
2100,s,2101,reviewed,none,Stal42_Map_west-FINAL-150 Q12.jpg crop x1060-1430 y60-490
2100,se,2200,reviewed,secondary_road,Stal42_Map_west-FINAL-150 Q12.jpg crop x1060-1430 y60-490
2101,s,2102,reviewed,none,Stal42_Map_west-FINAL-150 Q12.jpg crop x1060-1430 y60-490
2101,ne,2200,reviewed,none,Stal42_Map_west-FINAL-150 Q12.jpg crop x1060-1430 y60-490
2101,se,2201,reviewed,none,Stal42_Map_west-FINAL-150 Q12.jpg crop x1060-1430 y60-490
2102,s,2103,unreviewed,,
2102,ne,2201,reviewed,secondary_road,Stal42_Map_west-FINAL-150 Q12.jpg crop x1060-1430 y60-490
2102,se,2202,reviewed,none,Stal42_Map_west-FINAL-150 Q12.jpg crop x1060-1430 y60-490
2103,s,2104,unreviewed,,
2103,ne,2202,unreviewed,,
2103,se,2203,unreviewed,,
2104,s,2105,unreviewed,,
2104,ne,2203,unreviewed,,
2104,se,2204,unreviewed,,
2105,s,2106,unreviewed,,
2105,ne,2204,unreviewed,,
2105,se,2205,unreviewed,,
2106,s,2107,unreviewed,,
2106,ne,2205,unreviewed,,
2106,se,2206,unreviewed,,
2107,s,2108,unreviewed,,
2107,ne,2206,unreviewed,,
2107,se,2207,unreviewed,,
2108,s,2109,unreviewed,,
2108,ne,2207,unreviewed,,
2108,se,2208,unreviewed,,
2109,s,2110,unreviewed,,
2109,ne,2208,unreviewed,,
2109,se,2209,unreviewed,,
2110,s,2111,unreviewed,,
2110,ne,2209,unreviewed,,
2110,se,2210,unreviewed,,
2111,s,2112,unreviewed,,
2111,ne,2210,unreviewed,,
2111,se,2211,unreviewed,,
2112,s,2113,unreviewed,,
2112,ne,2211,unreviewed,,
2112,se,2212,unreviewed,,
2113,s,2114,unreviewed,,
2113,ne,2212,unreviewed,,
2113,se,2213,unreviewed,,
2114,s,2115,unreviewed,,
2114,ne,2213,unreviewed,,
2114,se,2214,unreviewed,,
2115,s,2116,unreviewed,,
2115,ne,2214,unreviewed,,
2115,se,2215,unreviewed,,
2116,s,2117,unreviewed,,
2116,ne,2215,unreviewed,,
2116,se,2216,unreviewed,,
2117,s,2118,unreviewed,,
2117,ne,2216,unreviewed,,
2117,se,2217,unreviewed,,
2118,s,2119,unreviewed,,
2118,ne,2217,unreviewed,,
2118,se,2218,unreviewed,,
2119,s,2120,unreviewed,,
2119,ne,2218,unreviewed,,
2119,se,2219,unreviewed,,
2120,s,2121,unreviewed,,
2120,ne,2219,unreviewed,,
2120,se,2220,unreviewed,,
2121,s,2122,unreviewed,,
2121,ne,2220,unreviewed,,
2121,se,2221,unreviewed,,
2122,s,2123,unreviewed,,
2122,ne,2221,unreviewed,,
2122,se,2222,unreviewed,,
2123,s,2124,unreviewed,,
2123,ne,2222,unreviewed,,
2123,se,2223,unreviewed,,
2124,s,2125,unreviewed,,
2124,ne,2223,unreviewed,,
2124,se,2224,unreviewed,,
2125,s,2126,unreviewed,,
2125,ne,2224,unreviewed,,
2125,se,2225,unreviewed,,
2126,s,2127,unreviewed,,
2126,ne,2225,unreviewed,,
2126,se,2226,unreviewed,,
2127,s,2128,unreviewed,,
2127,ne,2226,unreviewed,,
2127,se,2227,unreviewed,,
2128,s,2129,unreviewed,,
2128,ne,2227,unreviewed,,
2128,se,2228,unreviewed,,
2129,s,2130,unreviewed,,
2129,ne,2228,unreviewed,,
2129,se,2229,unreviewed,,
2130,s,2131,unreviewed,,
2130,ne,2229,unreviewed,,
2130,se,2230,unreviewed,,
2131,s,2132,unreviewed,,
2131,ne,2230,unreviewed,,
2131,se,2231,unreviewed,,
2132,s,2133,unreviewed,,
2132,ne,2231,unreviewed,,
2132,se,2232,unreviewed,,
2133,s,2134,unreviewed,,
2133,ne,2232,unreviewed,,
2133,se,2233,unreviewed,,
2134,ne,2233,unreviewed,,
2134,se,2234,unreviewed,,
2200,s,2201,reviewed,secondary_road,Stal42_Map_west-FINAL-150 Q12.jpg crop x1060-1430 y60-490
2200,ne,2300,reviewed,none,Stal42_Map_west-FINAL-150 Q12.jpg crop x1180-1450 y55-425
2200,se,2301,reviewed,none,Stal42_Map_west-FINAL-150 Q12.jpg crop x1180-1450 y55-425
2201,s,2202,reviewed,none,Stal42_Map_west-FINAL-150 Q12.jpg crop x1060-1430 y60-490
2201,ne,2301,reviewed,none,Stal42_Map_west-FINAL-150 Q12.jpg crop x1180-1450 y55-425
2201,se,2302,reviewed,secondary_road,Stal42_Map_west-FINAL-150 Q12.jpg crop x1180-1450 y55-425
2202,s,2203,unreviewed,,
2202,ne,2302,reviewed,none,Stal42_Map_west-FINAL-150 Q12.jpg crop x1180-1450 y55-425
2202,se,2303,unreviewed,,
2203,s,2204,unreviewed,,
2203,ne,2303,unreviewed,,
2203,se,2304,unreviewed,,
2204,s,2205,unreviewed,,
2204,ne,2304,unreviewed,,
2204,se,2305,unreviewed,,
2205,s,2206,unreviewed,,
2205,ne,2305,unreviewed,,
2205,se,2306,unreviewed,,
2206,s,2207,unreviewed,,
2206,ne,2306,unreviewed,,
2206,se,2307,unreviewed,,
2207,s,2208,unreviewed,,
2207,ne,2307,unreviewed,,
2207,se,2308,unreviewed,,
2208,s,2209,unreviewed,,
2208,ne,2308,unreviewed,,
2208,se,2309,unreviewed,,
2209,s,2210,unreviewed,,
2209,ne,2309,unreviewed,,
2209,se,2310,unreviewed,,
2210,s,2211,unreviewed,,
2210,ne,2310,unreviewed,,
2210,se,2311,unreviewed,,
2211,s,2212,unreviewed,,
2211,ne,2311,unreviewed,,
2211,se,2312,unreviewed,,
2212,s,2213,unreviewed,,
2212,ne,2312,unreviewed,,
2212,se,2313,unreviewed,,
2213,s,2214,unreviewed,,
2213,ne,2313,unreviewed,,
2213,se,2314,unreviewed,,
2214,s,2215,unreviewed,,
2214,ne,2314,unreviewed,,
2214,se,2315,unreviewed,,
2215,s,2216,unreviewed,,
2215,ne,2315,unreviewed,,
2215,se,2316,unreviewed,,
2216,s,2217,unreviewed,,
2216,ne,2316,unreviewed,,
2216,se,2317,unreviewed,,
2217,s,2218,unreviewed,,
2217,ne,2317,unreviewed,,
2217,se,2318,unreviewed,,
2218,s,2219,unreviewed,,
2218,ne,2318,unreviewed,,
2218,se,2319,unreviewed,,
2219,s,2220,unreviewed,,
2219,ne,2319,unreviewed,,
2219,se,2320,unreviewed,,
2220,s,2221,unreviewed,,
2220,ne,2320,unreviewed,,
2220,se,2321,unreviewed,,
2221,s,2222,unreviewed,,
2221,ne,2321,unreviewed,,
2221,se,2322,unreviewed,,
2222,s,2223,unreviewed,,
2222,ne,2322,unreviewed,,
2222,se,2323,unreviewed,,
2223,s,2224,unreviewed,,
2223,ne,2323,unreviewed,,
2223,se,2324,unreviewed,,
2224,s,2225,unreviewed,,
2224,ne,2324,unreviewed,,
2224,se,2325,unreviewed,,
2225,s,2226,unreviewed,,
2225,ne,2325,unreviewed,,
2225,se,2326,unreviewed,,
2226,s,2227,unreviewed,,
2226,ne,2326,unreviewed,,
2226,se,2327,unreviewed,,
2227,s,2228,unreviewed,,
2227,ne,2327,unreviewed,,
2227,se,2328,unreviewed,,
2228,s,2229,unreviewed,,
2228,ne,2328,unreviewed,,
2228,se,2329,unreviewed,,
2229,s,2230,unreviewed,,
2229,ne,2329,unreviewed,,
2229,se,2330,unreviewed,,
2230,s,2231,unreviewed,,
2230,ne,2330,unreviewed,,
2230,se,2331,unreviewed,,
2231,s,2232,unreviewed,,
2231,ne,2331,unreviewed,,
2231,se,2332,unreviewed,,
2232,s,2233,unreviewed,,
2232,ne,2332,unreviewed,,
2232,se,2333,unreviewed,,
2233,s,2234,unreviewed,,
2233,ne,2333,unreviewed,,
2233,se,2334,unreviewed,,
2234,ne,2334,unreviewed,,
2300,s,2301,reviewed,minor_river,Stal42_Map_west-FINAL-150 Q12.jpg crop x1340-1750 y45-495
2300,se,2400,reviewed,none,Stal42_Map_west-FINAL-150 Q12.jpg crop x1340-1750 y45-495
2301,s,2302,reviewed,none,Stal42_Map_west-FINAL-150 Q12.jpg crop x1340-1750 y45-495
2301,ne,2400,reviewed,minor_river,Stal42_Map_west-FINAL-150 Q12.jpg crop x1340-1750 y45-495
2301,se,2401,reviewed,none,Stal42_Map_west-FINAL-150 Q12.jpg crop x1340-1750 y45-495
2302,s,2303,unreviewed,,
2302,ne,2401,reviewed,none,Stal42_Map_west-FINAL-150 Q12.jpg crop x1340-1750 y45-495
2302,se,2402,reviewed,secondary_road,Stal42_Map_west-FINAL-150 Q12.jpg crop x1340-1750 y45-495
2303,s,2304,unreviewed,,
2303,ne,2402,unreviewed,,
2303,se,2403,unreviewed,,
2304,s,2305,unreviewed,,
2304,ne,2403,unreviewed,,
2304,se,2404,unreviewed,,
2305,s,2306,unreviewed,,
2305,ne,2404,unreviewed,,
2305,se,2405,unreviewed,,
2306,s,2307,unreviewed,,
2306,ne,2405,unreviewed,,
2306,se,2406,unreviewed,,
2307,s,2308,unreviewed,,
2307,ne,2406,unreviewed,,
2307,se,2407,unreviewed,,
2308,s,2309,unreviewed,,
2308,ne,2407,unreviewed,,
2308,se,2408,unreviewed,,
2309,s,2310,unreviewed,,
2309,ne,2408,unreviewed,,
2309,se,2409,unreviewed,,
2310,s,2311,unreviewed,,
2310,ne,2409,unreviewed,,
2310,se,2410,unreviewed,,
2311,s,2312,unreviewed,,
2311,ne,2410,unreviewed,,
2311,se,2411,unreviewed,,
2312,s,2313,unreviewed,,
2312,ne,2411,unreviewed,,
2312,se,2412,unreviewed,,
2313,s,2314,unreviewed,,
2313,ne,2412,unreviewed,,
2313,se,2413,unreviewed,,
2314,s,2315,unreviewed,,
2314,ne,2413,unreviewed,,
2314,se,2414,unreviewed,,
2315,s,2316,unreviewed,,
2315,ne,2414,unreviewed,,
2315,se,2415,unreviewed,,
2316,s,2317,unreviewed,,
2316,ne,2415,unreviewed,,
2316,se,2416,unreviewed,,
2317,s,2318,unreviewed,,
2317,ne,2416,unreviewed,,
2317,se,2417,unreviewed,,
2318,s,2319,unreviewed,,
2318,ne,2417,unreviewed,,
2318,se,2418,unreviewed,,
2319,s,2320,unreviewed,,
2319,ne,2418,unreviewed,,
2319,se,2419,unreviewed,,
2320,s,2321,unreviewed,,
2320,ne,2419,unreviewed,,
2320,se,2420,unreviewed,,
2321,s,2322,unreviewed,,
2321,ne,2420,unreviewed,,
2321,se,2421,unreviewed,,
2322,s,2323,unreviewed,,
2322,ne,2421,unreviewed,,
2322,se,2422,unreviewed,,
2323,s,2324,unreviewed,,
2323,ne,2422,unreviewed,,
2323,se,2423,unreviewed,,
2324,s,2325,unreviewed,,
2324,ne,2423,unreviewed,,
2324,se,2424,unreviewed,,
2325,s,2326,unreviewed,,
2325,ne,2424,unreviewed,,
2325,se,2425,unreviewed,,
2326,s,2327,unreviewed,,
2326,ne,2425,unreviewed,,
2326,se,2426,unreviewed,,
2327,s,2328,unreviewed,,
2327,ne,2426,unreviewed,,
2327,se,2427,unreviewed,,
2328,s,2329,unreviewed,,
2328,ne,2427,unreviewed,,
2328,se,2428,unreviewed,,
2329,s,2330,unreviewed,,
2329,ne,2428,unreviewed,,
2329,se,2429,unreviewed,,
2330,s,2331,unreviewed,,
2330,ne,2429,unreviewed,,
2330,se,2430,unreviewed,,
2331,s,2332,unreviewed,,
2331,ne,2430,unreviewed,,
2331,se,2431,unreviewed,,
2332,s,2333,unreviewed,,
2332,ne,2431,unreviewed,,
2332,se,2432,unreviewed,,
2333,s,2334,unreviewed,,
2333,ne,2432,unreviewed,,
2333,se,2433,unreviewed,,
2334,ne,2433,unreviewed,,
2334,se,2434,unreviewed,,
2400,s,2401,reviewed,minor_river,Stal42_Map_west-FINAL-150 Q12.jpg crop x1340-1750 y45-495
2400,ne,2500,reviewed,major_river,Stal42_Map_west-FINAL-150 Q12.jpg crop x1340-1750 y45-495
2400,se,2501,reviewed,major_river,Stal42_Map_west-FINAL-150 Q12.jpg crop x1340-1750 y45-495
2401,s,2402,reviewed,none,Stal42_Map_west-FINAL-150 Q12.jpg crop x1340-1750 y45-495
2401,ne,2501,reviewed,major_river,Stal42_Map_west-FINAL-150 Q12.jpg crop x1340-1750 y45-495
2401,se,2502,reviewed,major_river,Stal42_Map_west-FINAL-150 Q12.jpg crop x1340-1750 y45-495
2402,s,2403,unreviewed,,
2402,ne,2502,reviewed,major_river,Stal42_Map_west-FINAL-150 Q12.jpg crop x1340-1750 y45-495
2402,se,2503,unreviewed,,
2403,s,2404,unreviewed,,
2403,ne,2503,unreviewed,,
2403,se,2504,unreviewed,,
2404,s,2405,unreviewed,,
2404,ne,2504,unreviewed,,
2404,se,2505,unreviewed,,
2405,s,2406,unreviewed,,
2405,ne,2505,unreviewed,,
2405,se,2506,unreviewed,,
2406,s,2407,unreviewed,,
2406,ne,2506,unreviewed,,
2406,se,2507,unreviewed,,
2407,s,2408,unreviewed,,
2407,ne,2507,unreviewed,,
2407,se,2508,unreviewed,,
2408,s,2409,unreviewed,,
2408,ne,2508,unreviewed,,
2408,se,2509,unreviewed,,
2409,s,2410,unreviewed,,
2409,ne,2509,unreviewed,,
2409,se,2510,unreviewed,,
2410,s,2411,unreviewed,,
2410,ne,2510,unreviewed,,
2410,se,2511,unreviewed,,
2411,s,2412,unreviewed,,
2411,ne,2511,unreviewed,,
2411,se,2512,unreviewed,,
2412,s,2413,unreviewed,,
2412,ne,2512,unreviewed,,
2412,se,2513,unreviewed,,
2413,s,2414,unreviewed,,
2413,ne,2513,unreviewed,,
2413,se,2514,unreviewed,,
2414,s,2415,unreviewed,,
2414,ne,2514,unreviewed,,
2414,se,2515,unreviewed,,
2415,s,2416,unreviewed,,
2415,ne,2515,unreviewed,,
2415,se,2516,unreviewed,,
2416,s,2417,unreviewed,,
2416,ne,2516,unreviewed,,
2416,se,2517,unreviewed,,
2417,s,2418,unreviewed,,
2417,ne,2517,unreviewed,,
2417,se,2518,unreviewed,,
2418,s,2419,unreviewed,,
2418,ne,2518,unreviewed,,
2418,se,2519,unreviewed,,
2419,s,2420,unreviewed,,
2419,ne,2519,unreviewed,,
2419,se,2520,unreviewed,,
2420,s,2421,unreviewed,,
2420,ne,2520,unreviewed,,
2420,se,2521,unreviewed,,
2421,s,2422,unreviewed,,
2421,ne,2521,unreviewed,,
2421,se,2522,unreviewed,,
2422,s,2423,unreviewed,,
2422,ne,2522,unreviewed,,
2422,se,2523,unreviewed,,
2423,s,2424,unreviewed,,
2423,ne,2523,unreviewed,,
2423,se,2524,unreviewed,,
2424,s,2425,unreviewed,,
2424,ne,2524,unreviewed,,
2424,se,2525,unreviewed,,
2425,s,2426,unreviewed,,
2425,ne,2525,unreviewed,,
2425,se,2526,unreviewed,,
2426,s,2427,unreviewed,,
2426,ne,2526,unreviewed,,
2426,se,2527,unreviewed,,
2427,s,2428,unreviewed,,
2427,ne,2527,unreviewed,,
2427,se,2528,unreviewed,,
2428,s,2429,unreviewed,,
2428,ne,2528,unreviewed,,
2428,se,2529,unreviewed,,
2429,s,2430,unreviewed,,
2429,ne,2529,unreviewed,,
2429,se,2530,unreviewed,,
2430,s,2431,unreviewed,,
2430,ne,2530,unreviewed,,
2430,se,2531,unreviewed,,
2431,s,2432,unreviewed,,
2431,ne,2531,unreviewed,,
2431,se,2532,unreviewed,,
2432,s,2433,unreviewed,,
2432,ne,2532,unreviewed,,
2432,se,2533,unreviewed,,
2433,s,2434,unreviewed,,
2433,ne,2533,unreviewed,,
2433,se,2534,unreviewed,,
2434,ne,2534,unreviewed,,
2500,s,2501,reviewed,primary_road,Stal42_Map_west-FINAL-150 Q12.jpg crop x1340-1750 y45-495
2500,se,2600,unreviewed,,
2501,s,2502,reviewed,primary_road,Stal42_Map_west-FINAL-150 Q12.jpg crop x1340-1750 y45-495
2501,ne,2600,unreviewed,,
2501,se,2601,unreviewed,,
2502,s,2503,unreviewed,,
2502,ne,2601,unreviewed,,
2502,se,2602,unreviewed,,
2503,s,2504,unreviewed,,
2503,ne,2602,unreviewed,,
2503,se,2603,unreviewed,,
2504,s,2505,unreviewed,,
2504,ne,2603,unreviewed,,
2504,se,2604,unreviewed,,
2505,s,2506,unreviewed,,
2505,ne,2604,unreviewed,,
2505,se,2605,unreviewed,,
2506,s,2507,unreviewed,,
2506,ne,2605,unreviewed,,
2506,se,2606,unreviewed,,
2507,s,2508,unreviewed,,
2507,ne,2606,unreviewed,,
2507,se,2607,unreviewed,,
2508,s,2509,unreviewed,,
2508,ne,2607,unreviewed,,
2508,se,2608,unreviewed,,
2509,s,2510,unreviewed,,
2509,ne,2608,unreviewed,,
2509,se,2609,unreviewed,,
2510,s,2511,unreviewed,,
2510,ne,2609,unreviewed,,
2510,se,2610,unreviewed,,
2511,s,2512,unreviewed,,
2511,ne,2610,unreviewed,,
2511,se,2611,unreviewed,,
2512,s,2513,unreviewed,,
2512,ne,2611,unreviewed,,
2512,se,2612,unreviewed,,
2513,s,2514,unreviewed,,
2513,ne,2612,unreviewed,,
2513,se,2613,unreviewed,,
2514,s,2515,unreviewed,,
2514,ne,2613,unreviewed,,
2514,se,2614,unreviewed,,
2515,s,2516,unreviewed,,
2515,ne,2614,unreviewed,,
2515,se,2615,unreviewed,,
2516,s,2517,unreviewed,,
2516,ne,2615,unreviewed,,
2516,se,2616,unreviewed,,
2517,s,2518,unreviewed,,
2517,ne,2616,unreviewed,,
2517,se,2617,unreviewed,,
2518,s,2519,unreviewed,,
2518,ne,2617,unreviewed,,
2518,se,2618,unreviewed,,
2519,s,2520,unreviewed,,
2519,ne,2618,unreviewed,,
2519,se,2619,unreviewed,,
2520,s,2521,unreviewed,,
2520,ne,2619,unreviewed,,
2520,se,2620,unreviewed,,
2521,s,2522,unreviewed,,
2521,ne,2620,unreviewed,,
2521,se,2621,unreviewed,,
2522,s,2523,unreviewed,,
2522,ne,2621,unreviewed,,
2522,se,2622,unreviewed,,
2523,s,2524,unreviewed,,
2523,ne,2622,unreviewed,,
2523,se,2623,unreviewed,,
2524,s,2525,unreviewed,,
2524,ne,2623,unreviewed,,
2524,se,2624,unreviewed,,
2525,s,2526,unreviewed,,
2525,ne,2624,unreviewed,,
2525,se,2625,unreviewed,,
2526,s,2527,unreviewed,,
2526,ne,2625,unreviewed,,
2526,se,2626,unreviewed,,
2527,s,2528,unreviewed,,
2527,ne,2626,unreviewed,,
2527,se,2627,unreviewed,,
2528,s,2529,unreviewed,,
2528,ne,2627,unreviewed,,
2528,se,2628,unreviewed,,
2529,s,2530,unreviewed,,
2529,ne,2628,unreviewed,,
2529,se,2629,unreviewed,,
2530,s,2531,unreviewed,,
2530,ne,2629,unreviewed,,
2530,se,2630,unreviewed,,
2531,s,2532,unreviewed,,
2531,ne,2630,unreviewed,,
2531,se,2631,unreviewed,,
2532,s,2533,unreviewed,,
2532,ne,2631,unreviewed,,
2532,se,2632,unreviewed,,
2533,s,2534,unreviewed,,
2533,ne,2632,unreviewed,,
2533,se,2633,unreviewed,,
2534,ne,2633,unreviewed,,
2534,se,2634,unreviewed,,
2600,s,2601,unreviewed,,
2600,ne,2700,unreviewed,,
2600,se,2701,unreviewed,,
2601,s,2602,unreviewed,,
2601,ne,2701,unreviewed,,
2601,se,2702,unreviewed,,
2602,s,2603,unreviewed,,
2602,ne,2702,unreviewed,,
2602,se,2703,unreviewed,,
2603,s,2604,unreviewed,,
2603,ne,2703,unreviewed,,
2603,se,2704,unreviewed,,
2604,s,2605,unreviewed,,
2604,ne,2704,unreviewed,,
2604,se,2705,unreviewed,,
2605,s,2606,unreviewed,,
2605,ne,2705,unreviewed,,
2605,se,2706,unreviewed,,
2606,s,2607,unreviewed,,
2606,ne,2706,unreviewed,,
2606,se,2707,unreviewed,,
2607,s,2608,unreviewed,,
2607,ne,2707,unreviewed,,
2607,se,2708,unreviewed,,
2608,s,2609,unreviewed,,
2608,ne,2708,unreviewed,,
2608,se,2709,unreviewed,,
2609,s,2610,unreviewed,,
2609,ne,2709,unreviewed,,
2609,se,2710,unreviewed,,
2610,s,2611,unreviewed,,
2610,ne,2710,unreviewed,,
2610,se,2711,unreviewed,,
2611,s,2612,unreviewed,,
2611,ne,2711,unreviewed,,
2611,se,2712,unreviewed,,
2612,s,2613,unreviewed,,
2612,ne,2712,unreviewed,,
2612,se,2713,unreviewed,,
2613,s,2614,unreviewed,,
2613,ne,2713,unreviewed,,
2613,se,2714,unreviewed,,
2614,s,2615,unreviewed,,
2614,ne,2714,unreviewed,,
2614,se,2715,unreviewed,,
2615,s,2616,unreviewed,,
2615,ne,2715,unreviewed,,
2615,se,2716,unreviewed,,
2616,s,2617,unreviewed,,
2616,ne,2716,unreviewed,,
2616,se,2717,unreviewed,,
2617,s,2618,unreviewed,,
2617,ne,2717,unreviewed,,
2617,se,2718,unreviewed,,
2618,s,2619,unreviewed,,
2618,ne,2718,unreviewed,,
2618,se,2719,unreviewed,,
2619,s,2620,unreviewed,,
2619,ne,2719,unreviewed,,
2619,se,2720,unreviewed,,
2620,s,2621,unreviewed,,
2620,ne,2720,unreviewed,,
2620,se,2721,unreviewed,,
2621,s,2622,unreviewed,,
2621,ne,2721,unreviewed,,
2621,se,2722,unreviewed,,
2622,s,2623,unreviewed,,
2622,ne,2722,unreviewed,,
2622,se,2723,unreviewed,,
2623,s,2624,unreviewed,,
2623,ne,2723,unreviewed,,
2623,se,2724,unreviewed,,
2624,s,2625,unreviewed,,
2624,ne,2724,unreviewed,,
2624,se,2725,unreviewed,,
2625,s,2626,unreviewed,,
2625,ne,2725,unreviewed,,
2625,se,2726,unreviewed,,
2626,s,2627,unreviewed,,
2626,ne,2726,unreviewed,,
2626,se,2727,unreviewed,,
2627,s,2628,unreviewed,,
2627,ne,2727,unreviewed,,
2627,se,2728,unreviewed,,
2628,s,2629,unreviewed,,
2628,ne,2728,unreviewed,,
2628,se,2729,unreviewed,,
2629,s,2630,unreviewed,,
2629,ne,2729,unreviewed,,
2629,se,2730,unreviewed,,
2630,s,2631,unreviewed,,
2630,ne,2730,unreviewed,,
2630,se,2731,unreviewed,,
2631,s,2632,unreviewed,,
2631,ne,2731,unreviewed,,
2631,se,2732,unreviewed,,
2632,s,2633,unreviewed,,
2632,ne,2732,unreviewed,,
2632,se,2733,unreviewed,,
2633,s,2634,unreviewed,,
2633,ne,2733,unreviewed,,
2633,se,2734,unreviewed,,
2634,ne,2734,unreviewed,,
2700,s,2701,unreviewed,,
2700,se,2800,unreviewed,,
2701,s,2702,unreviewed,,
2701,ne,2800,unreviewed,,
2701,se,2801,unreviewed,,
2702,s,2703,unreviewed,,
2702,ne,2801,unreviewed,,
2702,se,2802,unreviewed,,
2703,s,2704,unreviewed,,
2703,ne,2802,unreviewed,,
2703,se,2803,unreviewed,,
2704,s,2705,unreviewed,,
2704,ne,2803,unreviewed,,
2704,se,2804,unreviewed,,
2705,s,2706,unreviewed,,
2705,ne,2804,unreviewed,,
2705,se,2805,unreviewed,,
2706,s,2707,unreviewed,,
2706,ne,2805,unreviewed,,
2706,se,2806,unreviewed,,
2707,s,2708,unreviewed,,
2707,ne,2806,unreviewed,,
2707,se,2807,unreviewed,,
2708,s,2709,unreviewed,,
2708,ne,2807,unreviewed,,
2708,se,2808,unreviewed,,
2709,s,2710,unreviewed,,
2709,ne,2808,unreviewed,,
2709,se,2809,unreviewed,,
2710,s,2711,unreviewed,,
2710,ne,2809,unreviewed,,
2710,se,2810,unreviewed,,
2711,s,2712,unreviewed,,
2711,ne,2810,unreviewed,,
2711,se,2811,unreviewed,,
2712,s,2713,unreviewed,,
2712,ne,2811,unreviewed,,
2712,se,2812,unreviewed,,
2713,s,2714,unreviewed,,
2713,ne,2812,unreviewed,,
2713,se,2813,unreviewed,,
2714,s,2715,unreviewed,,
2714,ne,2813,unreviewed,,
2714,se,2814,unreviewed,,
2715,s,2716,unreviewed,,
2715,ne,2814,unreviewed,,
2715,se,2815,unreviewed,,
2716,s,2717,unreviewed,,
2716,ne,2815,unreviewed,,
2716,se,2816,unreviewed,,
2717,s,2718,unreviewed,,
2717,ne,2816,unreviewed,,
2717,se,2817,unreviewed,,
2718,s,2719,unreviewed,,
2718,ne,2817,unreviewed,,
2718,se,2818,unreviewed,,
2719,s,2720,unreviewed,,
2719,ne,2818,unreviewed,,
2719,se,2819,unreviewed,,
2720,s,2721,unreviewed,,
2720,ne,2819,unreviewed,,
2720,se,2820,unreviewed,,
2721,s,2722,unreviewed,,
2721,ne,2820,unreviewed,,
2721,se,2821,unreviewed,,
2722,s,2723,unreviewed,,
2722,ne,2821,unreviewed,,
2722,se,2822,unreviewed,,
2723,s,2724,unreviewed,,
2723,ne,2822,unreviewed,,
2723,se,2823,unreviewed,,
2724,s,2725,unreviewed,,
2724,ne,2823,unreviewed,,
2724,se,2824,unreviewed,,
2725,s,2726,unreviewed,,
2725,ne,2824,unreviewed,,
2725,se,2825,unreviewed,,
2726,s,2727,unreviewed,,
2726,ne,2825,unreviewed,,
2726,se,2826,unreviewed,,
2727,s,2728,unreviewed,,
2727,ne,2826,unreviewed,,
2727,se,2827,unreviewed,,
2728,s,2729,unreviewed,,
2728,ne,2827,unreviewed,,
2728,se,2828,unreviewed,,
2729,s,2730,unreviewed,,
2729,ne,2828,unreviewed,,
2729,se,2829,unreviewed,,
2730,s,2731,unreviewed,,
2730,ne,2829,unreviewed,,
2730,se,2830,unreviewed,,
2731,s,2732,unreviewed,,
2731,ne,2830,unreviewed,,
2731,se,2831,unreviewed,,
2732,s,2733,unreviewed,,
2732,ne,2831,unreviewed,,
2732,se,2832,unreviewed,,
2733,s,2734,unreviewed,,
2733,ne,2832,unreviewed,,
2733,se,2833,unreviewed,,
2734,ne,2833,unreviewed,,
2734,se,2834,unreviewed,,
2800,s,2801,unreviewed,,
2800,ne,2900,unreviewed,,
2800,se,2901,unreviewed,,
2801,s,2802,unreviewed,,
2801,ne,2901,unreviewed,,
2801,se,2902,unreviewed,,
2802,s,2803,unreviewed,,
2802,ne,2902,unreviewed,,
2802,se,2903,unreviewed,,
2803,s,2804,unreviewed,,
2803,ne,2903,unreviewed,,
2803,se,2904,unreviewed,,
2804,s,2805,unreviewed,,
2804,ne,2904,unreviewed,,
2804,se,2905,unreviewed,,
2805,s,2806,unreviewed,,
2805,ne,2905,unreviewed,,
2805,se,2906,unreviewed,,
2806,s,2807,unreviewed,,
2806,ne,2906,unreviewed,,
2806,se,2907,unreviewed,,
2807,s,2808,unreviewed,,
2807,ne,2907,unreviewed,,
2807,se,2908,unreviewed,,
2808,s,2809,unreviewed,,
2808,ne,2908,unreviewed,,
2808,se,2909,unreviewed,,
2809,s,2810,unreviewed,,
2809,ne,2909,unreviewed,,
2809,se,2910,unreviewed,,
2810,s,2811,unreviewed,,
2810,ne,2910,unreviewed,,
2810,se,2911,unreviewed,,
2811,s,2812,unreviewed,,
2811,ne,2911,unreviewed,,
2811,se,2912,unreviewed,,
2812,s,2813,unreviewed,,
2812,ne,2912,unreviewed,,
2812,se,2913,unreviewed,,
2813,s,2814,unreviewed,,
2813,ne,2913,unreviewed,,
2813,se,2914,unreviewed,,
2814,s,2815,unreviewed,,
2814,ne,2914,unreviewed,,
2814,se,2915,unreviewed,,
2815,s,2816,unreviewed,,
2815,ne,2915,unreviewed,,
2815,se,2916,unreviewed,,
2816,s,2817,unreviewed,,
2816,ne,2916,unreviewed,,
2816,se,2917,unreviewed,,
2817,s,2818,unreviewed,,
2817,ne,2917,unreviewed,,
2817,se,2918,unreviewed,,
2818,s,2819,unreviewed,,
2818,ne,2918,unreviewed,,
2818,se,2919,unreviewed,,
2819,s,2820,unreviewed,,
2819,ne,2919,unreviewed,,
2819,se,2920,unreviewed,,
2820,s,2821,unreviewed,,
2820,ne,2920,unreviewed,,
2820,se,2921,unreviewed,,
2821,s,2822,unreviewed,,
2821,ne,2921,unreviewed,,
2821,se,2922,unreviewed,,
2822,s,2823,unreviewed,,
2822,ne,2922,unreviewed,,
2822,se,2923,unreviewed,,
2823,s,2824,unreviewed,,
2823,ne,2923,unreviewed,,
2823,se,2924,unreviewed,,
2824,s,2825,unreviewed,,
2824,ne,2924,unreviewed,,
2824,se,2925,unreviewed,,
2825,s,2826,unreviewed,,
2825,ne,2925,unreviewed,,
2825,se,2926,unreviewed,,
2826,s,2827,unreviewed,,
2826,ne,2926,unreviewed,,
2826,se,2927,unreviewed,,
2827,s,2828,unreviewed,,
2827,ne,2927,unreviewed,,
2827,se,2928,unreviewed,,
2828,s,2829,unreviewed,,
2828,ne,2928,unreviewed,,
2828,se,2929,unreviewed,,
2829,s,2830,unreviewed,,
2829,ne,2929,unreviewed,,
2829,se,2930,unreviewed,,
2830,s,2831,unreviewed,,
2830,ne,2930,unreviewed,,
2830,se,2931,unreviewed,,
2831,s,2832,unreviewed,,
2831,ne,2931,unreviewed,,
2831,se,2932,unreviewed,,
2832,s,2833,unreviewed,,
2832,ne,2932,unreviewed,,
2832,se,2933,unreviewed,,
2833,s,2834,unreviewed,,
2833,ne,2933,unreviewed,,
2833,se,2934,unreviewed,,
2834,ne,2934,unreviewed,,
2900,s,2901,reviewed,none,Stal42_Map_west-FINAL-150 Q12.jpg crop x1890-2420 y40-560
2900,se,3000,reviewed,none,Stal42_Map_west-FINAL-150 Q12.jpg crop x1890-2420 y40-560
2901,s,2902,reviewed,none,Stal42_Map_west-FINAL-150 Q12.jpg crop x1890-2420 y40-560
2901,ne,3000,reviewed,none,Stal42_Map_west-FINAL-150 Q12.jpg crop x1890-2420 y40-560
2901,se,3001,reviewed,none,Stal42_Map_west-FINAL-150 Q12.jpg crop x1890-2420 y40-560
2902,s,2903,unreviewed,,
2902,ne,3001,reviewed,none,Stal42_Map_west-FINAL-150 Q12.jpg crop x1890-2420 y40-560
2902,se,3002,reviewed,railroad,Stal42_Map_west-FINAL-150 Q12.jpg crop x1890-2420 y40-560
2903,s,2904,unreviewed,,
2903,ne,3002,unreviewed,,
2903,se,3003,unreviewed,,
2904,s,2905,unreviewed,,
2904,ne,3003,unreviewed,,
2904,se,3004,unreviewed,,
2905,s,2906,unreviewed,,
2905,ne,3004,unreviewed,,
2905,se,3005,unreviewed,,
2906,s,2907,unreviewed,,
2906,ne,3005,unreviewed,,
2906,se,3006,unreviewed,,
2907,s,2908,unreviewed,,
2907,ne,3006,unreviewed,,
2907,se,3007,unreviewed,,
2908,s,2909,unreviewed,,
2908,ne,3007,unreviewed,,
2908,se,3008,unreviewed,,
2909,s,2910,unreviewed,,
2909,ne,3008,unreviewed,,
2909,se,3009,unreviewed,,
2910,s,2911,unreviewed,,
2910,ne,3009,unreviewed,,
2910,se,3010,unreviewed,,
2911,s,2912,unreviewed,,
2911,ne,3010,unreviewed,,
2911,se,3011,unreviewed,,
2912,s,2913,unreviewed,,
2912,ne,3011,unreviewed,,
2912,se,3012,unreviewed,,
2913,s,2914,unreviewed,,
2913,ne,3012,unreviewed,,
2913,se,3013,unreviewed,,
2914,s,2915,unreviewed,,
2914,ne,3013,unreviewed,,
2914,se,3014,unreviewed,,
2915,s,2916,unreviewed,,
2915,ne,3014,unreviewed,,
2915,se,3015,unreviewed,,
2916,s,2917,unreviewed,,
2916,ne,3015,unreviewed,,
2916,se,3016,unreviewed,,
2917,s,2918,unreviewed,,
2917,ne,3016,unreviewed,,
2917,se,3017,unreviewed,,
2918,s,2919,unreviewed,,
2918,ne,3017,unreviewed,,
2918,se,3018,unreviewed,,
2919,s,2920,unreviewed,,
2919,ne,3018,unreviewed,,
2919,se,3019,unreviewed,,
2920,s,2921,unreviewed,,
2920,ne,3019,unreviewed,,
2920,se,3020,unreviewed,,
2921,s,2922,unreviewed,,
2921,ne,3020,unreviewed,,
2921,se,3021,unreviewed,,
2922,s,2923,unreviewed,,
2922,ne,3021,unreviewed,,
2922,se,3022,unreviewed,,
2923,s,2924,unreviewed,,
2923,ne,3022,unreviewed,,
2923,se,3023,unreviewed,,
2924,s,2925,unreviewed,,
2924,ne,3023,unreviewed,,
2924,se,3024,unreviewed,,
2925,s,2926,unreviewed,,
2925,ne,3024,unreviewed,,
2925,se,3025,unreviewed,,
2926,s,2927,unreviewed,,
2926,ne,3025,unreviewed,,
2926,se,3026,unreviewed,,
2927,s,2928,unreviewed,,
2927,ne,3026,unreviewed,,
2927,se,3027,unreviewed,,
2928,s,2929,unreviewed,,
2928,ne,3027,unreviewed,,
2928,se,3028,unreviewed,,
2929,s,2930,unreviewed,,
2929,ne,3028,unreviewed,,
2929,se,3029,unreviewed,,
2930,s,2931,unreviewed,,
2930,ne,3029,unreviewed,,
2930,se,3030,unreviewed,,
2931,s,2932,unreviewed,,
2931,ne,3030,unreviewed,,
2931,se,3031,unreviewed,,
2932,s,2933,unreviewed,,
2932,ne,3031,unreviewed,,
2932,se,3032,unreviewed,,
2933,s,2934,unreviewed,,
2933,ne,3032,unreviewed,,
2933,se,3033,unreviewed,,
2934,ne,3033,unreviewed,,
2934,se,3034,unreviewed,,
3000,s,3001,reviewed,none,Stal42_Map_west-FINAL-150 Q12.jpg crop x1890-2420 y40-560
3000,ne,3100,reviewed,none,Stal42_Map_west-FINAL-150 Q12.jpg crop x1890-2420 y40-560
3000,se,3101,reviewed,none,Stal42_Map_west-FINAL-150 Q12.jpg crop x1890-2420 y40-560
3001,s,3002,reviewed,none,Stal42_Map_west-FINAL-150 Q12.jpg crop x1890-2420 y40-560
3001,ne,3101,reviewed,none,Stal42_Map_west-FINAL-150 Q12.jpg crop x1890-2420 y40-560
3001,se,3102,reviewed,none,Stal42_Map_west-FINAL-150 Q12.jpg crop x1890-2420 y40-560
3002,s,3003,unreviewed,,
3002,ne,3102,reviewed,none,Stal42_Map_west-FINAL-150 Q12.jpg crop x1890-2420 y40-560
3002,se,3103,unreviewed,,
3003,s,3004,unreviewed,,
3003,ne,3103,unreviewed,,
3003,se,3104,unreviewed,,
3004,s,3005,unreviewed,,
3004,ne,3104,unreviewed,,
3004,se,3105,unreviewed,,
3005,s,3006,unreviewed,,
3005,ne,3105,unreviewed,,
3005,se,3106,unreviewed,,
3006,s,3007,unreviewed,,
3006,ne,3106,unreviewed,,
3006,se,3107,unreviewed,,
3007,s,3008,unreviewed,,
3007,ne,3107,unreviewed,,
3007,se,3108,unreviewed,,
3008,s,3009,unreviewed,,
3008,ne,3108,unreviewed,,
3008,se,3109,unreviewed,,
3009,s,3010,unreviewed,,
3009,ne,3109,unreviewed,,
3009,se,3110,unreviewed,,
3010,s,3011,unreviewed,,
3010,ne,3110,unreviewed,,
3010,se,3111,unreviewed,,
3011,s,3012,unreviewed,,
3011,ne,3111,unreviewed,,
3011,se,3112,unreviewed,,
3012,s,3013,unreviewed,,
3012,ne,3112,unreviewed,,
3012,se,3113,unreviewed,,
3013,s,3014,unreviewed,,
3013,ne,3113,unreviewed,,
3013,se,3114,unreviewed,,
3014,s,3015,unreviewed,,
3014,ne,3114,unreviewed,,
3014,se,3115,unreviewed,,
3015,s,3016,unreviewed,,
3015,ne,3115,unreviewed,,
3015,se,3116,unreviewed,,
3016,s,3017,unreviewed,,
3016,ne,3116,unreviewed,,
3016,se,3117,unreviewed,,
3017,s,3018,unreviewed,,
3017,ne,3117,unreviewed,,
3017,se,3118,unreviewed,,
3018,s,3019,unreviewed,,
3018,ne,3118,unreviewed,,
3018,se,3119,unreviewed,,
3019,s,3020,unreviewed,,
3019,ne,3119,unreviewed,,
3019,se,3120,unreviewed,,
3020,s,3021,unreviewed,,
3020,ne,3120,unreviewed,,
3020,se,3121,unreviewed,,
3021,s,3022,unreviewed,,
3021,ne,3121,unreviewed,,
3021,se,3122,unreviewed,,
3022,s,3023,unreviewed,,
3022,ne,3122,unreviewed,,
3022,se,3123,unreviewed,,
3023,s,3024,unreviewed,,
3023,ne,3123,unreviewed,,
3023,se,3124,unreviewed,,
3024,s,3025,unreviewed,,
3024,ne,3124,unreviewed,,
3024,se,3125,unreviewed,,
3025,s,3026,unreviewed,,
3025,ne,3125,unreviewed,,
3025,se,3126,unreviewed,,
3026,s,3027,unreviewed,,
3026,ne,3126,unreviewed,,
3026,se,3127,unreviewed,,
3027,s,3028,unreviewed,,
3027,ne,3127,unreviewed,,
3027,se,3128,unreviewed,,
3028,s,3029,unreviewed,,
3028,ne,3128,unreviewed,,
3028,se,3129,unreviewed,,
3029,s,3030,unreviewed,,
3029,ne,3129,unreviewed,,
3029,se,3130,unreviewed,,
3030,s,3031,unreviewed,,
3030,ne,3130,unreviewed,,
3030,se,3131,unreviewed,,
3031,s,3032,unreviewed,,
3031,ne,3131,unreviewed,,
3031,se,3132,unreviewed,,
3032,s,3033,unreviewed,,
3032,ne,3132,unreviewed,,
3032,se,3133,unreviewed,,
3033,s,3034,unreviewed,,
3033,ne,3133,unreviewed,,
3033,se,3134,unreviewed,,
3034,ne,3134,unreviewed,,
3100,s,3101,reviewed,none,Stal42_Map_west-FINAL-150 Q12.jpg crop x1890-2420 y40-560
3100,se,3200,reviewed,minor_river,Stal42_Map_west-FINAL-150 Q12.jpg crop x1900-2620 y80-550
3101,s,3102,reviewed,none,Stal42_Map_west-FINAL-150 Q12.jpg crop x1890-2420 y40-560
3101,ne,3200,reviewed,minor_river,Stal42_Map_west-FINAL-150 Q12.jpg crop x1900-2620 y80-550
3101,se,3201,reviewed,minor_river,Stal42_Map_west-FINAL-150 Q12.jpg crop x1900-2620 y80-550
3102,s,3103,unreviewed,,
3102,ne,3201,reviewed,minor_river,Stal42_Map_west-FINAL-150 Q12.jpg crop x1900-2620 y80-550
3102,se,3202,reviewed,minor_river,Stal42_Map_west-FINAL-150 Q12.jpg crop x1900-2620 y80-550
3103,s,3104,unreviewed,,
3103,ne,3202,unreviewed,,
3103,se,3203,unreviewed,,
3104,s,3105,unreviewed,,
3104,ne,3203,unreviewed,,
3104,se,3204,unreviewed,,
3105,s,3106,unreviewed,,
3105,ne,3204,unreviewed,,
3105,se,3205,unreviewed,,
3106,s,3107,unreviewed,,
3106,ne,3205,unreviewed,,
3106,se,3206,unreviewed,,
3107,s,3108,unreviewed,,
3107,ne,3206,unreviewed,,
3107,se,3207,unreviewed,,
3108,s,3109,unreviewed,,
3108,ne,3207,unreviewed,,
3108,se,3208,unreviewed,,
3109,s,3110,unreviewed,,
3109,ne,3208,unreviewed,,
3109,se,3209,unreviewed,,
3110,s,3111,unreviewed,,
3110,ne,3209,unreviewed,,
3110,se,3210,unreviewed,,
3111,s,3112,unreviewed,,
3111,ne,3210,unreviewed,,
3111,se,3211,unreviewed,,
3112,s,3113,unreviewed,,
3112,ne,3211,unreviewed,,
3112,se,3212,unreviewed,,
3113,s,3114,unreviewed,,
3113,ne,3212,unreviewed,,
3113,se,3213,unreviewed,,
3114,s,3115,unreviewed,,
3114,ne,3213,unreviewed,,
3114,se,3214,unreviewed,,
3115,s,3116,unreviewed,,
3115,ne,3214,unreviewed,,
3115,se,3215,unreviewed,,
3116,s,3117,unreviewed,,
3116,ne,3215,unreviewed,,
3116,se,3216,unreviewed,,
3117,s,3118,unreviewed,,
3117,ne,3216,unreviewed,,
3117,se,3217,unreviewed,,
3118,s,3119,unreviewed,,
3118,ne,3217,unreviewed,,
3118,se,3218,unreviewed,,
3119,s,3120,unreviewed,,
3119,ne,3218,unreviewed,,
3119,se,3219,unreviewed,,
3120,s,3121,unreviewed,,
3120,ne,3219,unreviewed,,
3120,se,3220,unreviewed,,
3121,s,3122,unreviewed,,
3121,ne,3220,unreviewed,,
3121,se,3221,unreviewed,,
3122,s,3123,unreviewed,,
3122,ne,3221,unreviewed,,
3122,se,3222,unreviewed,,
3123,s,3124,unreviewed,,
3123,ne,3222,unreviewed,,
3123,se,3223,unreviewed,,
3124,s,3125,unreviewed,,
3124,ne,3223,unreviewed,,
3124,se,3224,unreviewed,,
3125,s,3126,unreviewed,,
3125,ne,3224,unreviewed,,
3125,se,3225,unreviewed,,
3126,s,3127,unreviewed,,
3126,ne,3225,unreviewed,,
3126,se,3226,unreviewed,,
3127,s,3128,unreviewed,,
3127,ne,3226,unreviewed,,
3127,se,3227,unreviewed,,
3128,s,3129,unreviewed,,
3128,ne,3227,unreviewed,,
3128,se,3228,unreviewed,,
3129,s,3130,unreviewed,,
3129,ne,3228,unreviewed,,
3129,se,3229,unreviewed,,
3130,s,3131,unreviewed,,
3130,ne,3229,unreviewed,,
3130,se,3230,unreviewed,,
3131,s,3132,unreviewed,,
3131,ne,3230,unreviewed,,
3131,se,3231,unreviewed,,
3132,s,3133,unreviewed,,
3132,ne,3231,unreviewed,,
3132,se,3232,unreviewed,,
3133,s,3134,unreviewed,,
3133,ne,3232,unreviewed,,
3133,se,3233,unreviewed,,
3134,ne,3233,unreviewed,,
3134,se,3234,unreviewed,,
3200,s,3201,reviewed,railroad,Stal42_Map_west-FINAL-150 Q12.jpg crop x1900-2620 y80-550
3200,ne,3300,reviewed,railroad,Stal42_Map_west-FINAL-150 Q12.jpg crop x1900-2620 y80-550
3200,se,3301,reviewed,secondary_road,Stal42_Map_west-FINAL-150 Q12.jpg crop x1900-2620 y80-550
3201,s,3202,reviewed,railroad,Stal42_Map_west-FINAL-150 Q12.jpg crop x1900-2620 y80-550
3201,ne,3301,reviewed,none,Stal42_Map_west-FINAL-150 Q12.jpg crop x1900-2620 y80-550
3201,se,3302,reviewed,none,Stal42_Map_west-FINAL-150 Q12.jpg crop x1900-2620 y80-550
3202,s,3203,reviewed,none,Stal42_Map_west-FINAL-150 Q12.jpg crop x2130-2850 y380-990
3202,ne,3302,reviewed,none,Stal42_Map_west-FINAL-150 Q12.jpg crop x1900-2620 y80-550
3202,se,3303,reviewed,none,Stal42_Map_west-FINAL-150 Q12.jpg crop x2130-2850 y380-990
3203,s,3204,reviewed,none,Stal42_Map_west-FINAL-150 Q12.jpg crop x2130-2850 y380-990
3203,ne,3303,reviewed,none,Stal42_Map_west-FINAL-150 Q12.jpg crop x2130-2850 y380-990
3203,se,3304,reviewed,none,Stal42_Map_west-FINAL-150 Q12.jpg crop x2130-2850 y380-990
3204,s,3205,unreviewed,,
3204,ne,3304,reviewed,secondary_road,Stal42_Map_west-FINAL-150 Q12.jpg crop x2130-2850 y380-990
3204,se,3305,unreviewed,,
3205,s,3206,unreviewed,,
3205,ne,3305,unreviewed,,
3205,se,3306,unreviewed,,
3206,s,3207,unreviewed,,
3206,ne,3306,unreviewed,,
3206,se,3307,unreviewed,,
3207,s,3208,unreviewed,,
3207,ne,3307,unreviewed,,
3207,se,3308,unreviewed,,
3208,s,3209,unreviewed,,
3208,ne,3308,unreviewed,,
3208,se,3309,unreviewed,,
3209,s,3210,unreviewed,,
3209,ne,3309,unreviewed,,
3209,se,3310,unreviewed,,
3210,s,3211,unreviewed,,
3210,ne,3310,unreviewed,,
3210,se,3311,unreviewed,,
3211,s,3212,unreviewed,,
3211,ne,3311,unreviewed,,
3211,se,3312,unreviewed,,
3212,s,3213,unreviewed,,
3212,ne,3312,unreviewed,,
3212,se,3313,unreviewed,,
3213,s,3214,unreviewed,,
3213,ne,3313,unreviewed,,
3213,se,3314,unreviewed,,
3214,s,3215,unreviewed,,
3214,ne,3314,unreviewed,,
3214,se,3315,unreviewed,,
3215,s,3216,unreviewed,,
3215,ne,3315,unreviewed,,
3215,se,3316,unreviewed,,
3216,s,3217,unreviewed,,
3216,ne,3316,unreviewed,,
3216,se,3317,unreviewed,,
3217,s,3218,unreviewed,,
3217,ne,3317,unreviewed,,
3217,se,3318,unreviewed,,
3218,s,3219,unreviewed,,
3218,ne,3318,unreviewed,,
3218,se,3319,unreviewed,,
3219,s,3220,unreviewed,,
3219,ne,3319,unreviewed,,
3219,se,3320,unreviewed,,
3220,s,3221,unreviewed,,
3220,ne,3320,unreviewed,,
3220,se,3321,unreviewed,,
3221,s,3222,unreviewed,,
3221,ne,3321,unreviewed,,
3221,se,3322,unreviewed,,
3222,s,3223,unreviewed,,
3222,ne,3322,unreviewed,,
3222,se,3323,unreviewed,,
3223,s,3224,unreviewed,,
3223,ne,3323,unreviewed,,
3223,se,3324,unreviewed,,
3224,s,3225,unreviewed,,
3224,ne,3324,unreviewed,,
3224,se,3325,unreviewed,,
3225,s,3226,unreviewed,,
3225,ne,3325,unreviewed,,
3225,se,3326,unreviewed,,
3226,s,3227,unreviewed,,
3226,ne,3326,unreviewed,,
3226,se,3327,unreviewed,,
3227,s,3228,unreviewed,,
3227,ne,3327,unreviewed,,
3227,se,3328,unreviewed,,
3228,s,3229,unreviewed,,
3228,ne,3328,unreviewed,,
3228,se,3329,unreviewed,,
3229,s,3230,unreviewed,,
3229,ne,3329,unreviewed,,
3229,se,3330,unreviewed,,
3230,s,3231,unreviewed,,
3230,ne,3330,unreviewed,,
3230,se,3331,unreviewed,,
3231,s,3232,unreviewed,,
3231,ne,3331,unreviewed,,
3231,se,3332,unreviewed,,
3232,s,3233,unreviewed,,
3232,ne,3332,unreviewed,,
3232,se,3333,unreviewed,,
3233,s,3234,unreviewed,,
3233,ne,3333,unreviewed,,
3233,se,3334,unreviewed,,
3234,ne,3334,unreviewed,,
3234,se,3335,unreviewed,,
3241,ne,3341,unreviewed,,
3241,se,3342,unreviewed,,
3300,s,3301,reviewed,none,Stal42_Map_west-FINAL-150 Q12.jpg crop x1900-2620 y80-550
3300,se,3400,reviewed,railroad,Stal42_Map_west-FINAL-150 Q12.jpg crop x1900-2620 y80-550
3301,s,3302,reviewed,secondary_road,Stal42_Map_west-FINAL-150 Q12.jpg crop x1900-2620 y80-550
3301,ne,3400,reviewed,none,Stal42_Map_west-FINAL-150 Q12.jpg crop x1900-2620 y80-550
3301,se,3401,reviewed,none,Stal42_Map_west-FINAL-150 Q12.jpg crop x1900-2620 y80-550
3302,s,3303,reviewed,none,Stal42_Map_west-FINAL-150 Q12.jpg crop x2130-2850 y380-990
3302,ne,3401,reviewed,none,Stal42_Map_west-FINAL-150 Q12.jpg crop x1900-2620 y80-550
3302,se,3402,reviewed,secondary_road,Stal42_Map_west-FINAL-150 Q12.jpg crop x1900-2620 y80-550
3303,s,3304,reviewed,none,Stal42_Map_west-FINAL-150 Q12.jpg crop x2130-2850 y380-990
3303,ne,3402,reviewed,none,Stal42_Map_west-FINAL-150 Q12.jpg crop x2130-2850 y380-990
3303,se,3403,reviewed,none,Stal42_Map_west-FINAL-150 Q12.jpg crop x2130-2850 y380-990
3304,s,3305,unreviewed,,
3304,ne,3403,reviewed,none,Stal42_Map_west-FINAL-150 Q12.jpg crop x2130-2850 y380-990
3304,se,3404,reviewed,secondary_road,Stal42_Map_west-FINAL-150 Q12.jpg crop x2130-2850 y380-990
3305,s,3306,unreviewed,,
3305,ne,3404,unreviewed,,
3305,se,3405,unreviewed,,
3306,s,3307,unreviewed,,
3306,ne,3405,unreviewed,,
3306,se,3406,unreviewed,,
3307,s,3308,unreviewed,,
3307,ne,3406,unreviewed,,
3307,se,3407,unreviewed,,
3308,s,3309,unreviewed,,
3308,ne,3407,unreviewed,,
3308,se,3408,unreviewed,,
3309,s,3310,unreviewed,,
3309,ne,3408,unreviewed,,
3309,se,3409,unreviewed,,
3310,s,3311,unreviewed,,
3310,ne,3409,unreviewed,,
3310,se,3410,unreviewed,,
3311,s,3312,unreviewed,,
3311,ne,3410,unreviewed,,
3311,se,3411,unreviewed,,
3312,s,3313,unreviewed,,
3312,ne,3411,unreviewed,,
3312,se,3412,unreviewed,,
3313,s,3314,unreviewed,,
3313,ne,3412,unreviewed,,
3313,se,3413,unreviewed,,
3314,s,3315,unreviewed,,
3314,ne,3413,unreviewed,,
3314,se,3414,unreviewed,,
3315,s,3316,unreviewed,,
3315,ne,3414,unreviewed,,
3315,se,3415,unreviewed,,
3316,s,3317,unreviewed,,
3316,ne,3415,unreviewed,,
3316,se,3416,unreviewed,,
3317,s,3318,unreviewed,,
3317,ne,3416,unreviewed,,
3317,se,3417,unreviewed,,
3318,s,3319,unreviewed,,
3318,ne,3417,unreviewed,,
3318,se,3418,unreviewed,,
3319,s,3320,unreviewed,,
3319,ne,3418,unreviewed,,
3319,se,3419,unreviewed,,
3320,s,3321,unreviewed,,
3320,ne,3419,unreviewed,,
3320,se,3420,unreviewed,,
3321,s,3322,unreviewed,,
3321,ne,3420,unreviewed,,
3321,se,3421,unreviewed,,
3322,s,3323,unreviewed,,
3322,ne,3421,unreviewed,,
3322,se,3422,unreviewed,,
3323,s,3324,unreviewed,,
3323,ne,3422,unreviewed,,
3323,se,3423,unreviewed,,
3324,s,3325,unreviewed,,
3324,ne,3423,unreviewed,,
3324,se,3424,unreviewed,,
3325,s,3326,unreviewed,,
3325,ne,3424,unreviewed,,
3325,se,3425,unreviewed,,
3326,s,3327,unreviewed,,
3326,ne,3425,unreviewed,,
3326,se,3426,unreviewed,,
3327,s,3328,unreviewed,,
3327,ne,3426,unreviewed,,
3327,se,3427,unreviewed,,
3328,s,3329,unreviewed,,
3328,ne,3427,unreviewed,,
3328,se,3428,unreviewed,,
3329,s,3330,unreviewed,,
3329,ne,3428,unreviewed,,
3329,se,3429,unreviewed,,
3330,s,3331,unreviewed,,
3330,ne,3429,unreviewed,,
3330,se,3430,unreviewed,,
3331,s,3332,unreviewed,,
3331,ne,3430,unreviewed,,
3331,se,3431,unreviewed,,
3332,s,3333,unreviewed,,
3332,ne,3431,unreviewed,,
3332,se,3432,unreviewed,,
3333,s,3334,unreviewed,,
3333,ne,3432,unreviewed,,
3333,se,3433,unreviewed,,
3334,s,3335,unreviewed,,
3334,ne,3433,unreviewed,,
3334,se,3434,unreviewed,,
3335,s,3336,unreviewed,,
3335,ne,3434,unreviewed,,
3335,se,3435,unreviewed,,
3336,s,3337,unreviewed,,
3336,ne,3435,unreviewed,,
3336,se,3436,unreviewed,,
3337,s,3338,unreviewed,,
3337,ne,3436,unreviewed,,
3337,se,3437,unreviewed,,
3338,s,3339,unreviewed,,
3338,ne,3437,unreviewed,,
3338,se,3438,unreviewed,,
3339,s,3340,unreviewed,,
3339,ne,3438,unreviewed,,
3339,se,3439,unreviewed,,
3340,s,3341,unreviewed,,
3340,ne,3439,unreviewed,,
3340,se,3440,unreviewed,,
3341,s,3342,unreviewed,,
3341,ne,3440,unreviewed,,
3341,se,3441,unreviewed,,
3342,ne,3441,unreviewed,,
3342,se,3442,unreviewed,,
3400,s,3401,reviewed,none,Stal42_Map_west-FINAL-150 Q12.jpg crop x1900-2620 y80-550
3400,ne,3500,reviewed,railroad,Stal42_Map_west-FINAL-150 Q12.jpg crop x2420-3250 y80-550
3400,se,3501,reviewed,none,Stal42_Map_west-FINAL-150 Q12.jpg crop x2420-3250 y80-550
3401,s,3402,reviewed,none,Stal42_Map_west-FINAL-150 Q12.jpg crop x1900-2620 y80-550
3401,ne,3501,reviewed,none,Stal42_Map_west-FINAL-150 Q12.jpg crop x2420-3250 y80-550
3401,se,3502,reviewed,none,Stal42_Map_west-FINAL-150 Q12.jpg crop x2420-3250 y80-550
3402,s,3403,reviewed,secondary_road,Stal42_Map_west-FINAL-150 Q12.jpg crop x2130-2850 y380-990
3402,ne,3502,reviewed,none,Stal42_Map_west-FINAL-150 Q12.jpg crop x2420-3250 y80-550
3402,se,3503,reviewed,none,Stal42_Map_west-FINAL-150 Q12.jpg crop x2130-2850 y380-990
3403,s,3404,reviewed,secondary_road,Stal42_Map_west-FINAL-150 Q12.jpg crop x2130-2850 y380-990
3403,ne,3503,reviewed,none,Stal42_Map_west-FINAL-150 Q12.jpg crop x2130-2850 y380-990
3403,se,3504,reviewed,none,Stal42_Map_west-FINAL-150 Q12.jpg crop x2130-2850 y380-990
3404,s,3405,unreviewed,,
3404,ne,3504,reviewed,secondary_road,Stal42_Map_west-FINAL-150 Q12.jpg crop x2130-2850 y380-990
3404,se,3505,unreviewed,,
3405,s,3406,unreviewed,,
3405,ne,3505,unreviewed,,
3405,se,3506,unreviewed,,
3406,s,3407,unreviewed,,
3406,ne,3506,unreviewed,,
3406,se,3507,unreviewed,,
3407,s,3408,unreviewed,,
3407,ne,3507,unreviewed,,
3407,se,3508,unreviewed,,
3408,s,3409,unreviewed,,
3408,ne,3508,unreviewed,,
3408,se,3509,unreviewed,,
3409,s,3410,unreviewed,,
3409,ne,3509,unreviewed,,
3409,se,3510,unreviewed,,
3410,s,3411,unreviewed,,
3410,ne,3510,unreviewed,,
3410,se,3511,unreviewed,,
3411,s,3412,unreviewed,,
3411,ne,3511,unreviewed,,
3411,se,3512,unreviewed,,
3412,s,3413,unreviewed,,
3412,ne,3512,unreviewed,,
3412,se,3513,unreviewed,,
3413,s,3414,unreviewed,,
3413,ne,3513,unreviewed,,
3413,se,3514,unreviewed,,
3414,s,3415,unreviewed,,
3414,ne,3514,unreviewed,,
3414,se,3515,unreviewed,,
3415,s,3416,unreviewed,,
3415,ne,3515,unreviewed,,
3415,se,3516,unreviewed,,
3416,s,3417,unreviewed,,
3416,ne,3516,unreviewed,,
3416,se,3517,unreviewed,,
3417,s,3418,unreviewed,,
3417,ne,3517,unreviewed,,
3417,se,3518,unreviewed,,
3418,s,3419,unreviewed,,
3418,ne,3518,unreviewed,,
3418,se,3519,unreviewed,,
3419,s,3420,unreviewed,,
3419,ne,3519,unreviewed,,
3419,se,3520,unreviewed,,
3420,s,3421,unreviewed,,
3420,ne,3520,unreviewed,,
3420,se,3521,unreviewed,,
3421,s,3422,unreviewed,,
3421,ne,3521,unreviewed,,
3421,se,3522,unreviewed,,
3422,s,3423,unreviewed,,
3422,ne,3522,unreviewed,,
3422,se,3523,unreviewed,,
3423,s,3424,unreviewed,,
3423,ne,3523,unreviewed,,
3423,se,3524,unreviewed,,
3424,s,3425,unreviewed,,
3424,ne,3524,unreviewed,,
3424,se,3525,unreviewed,,
3425,s,3426,unreviewed,,
3425,ne,3525,unreviewed,,
3425,se,3526,unreviewed,,
3426,s,3427,unreviewed,,
3426,ne,3526,unreviewed,,
3426,se,3527,unreviewed,,
3427,s,3428,unreviewed,,
3427,ne,3527,unreviewed,,
3427,se,3528,unreviewed,,
3428,s,3429,unreviewed,,
3428,ne,3528,unreviewed,,
3428,se,3529,unreviewed,,
3429,s,3430,unreviewed,,
3429,ne,3529,unreviewed,,
3429,se,3530,unreviewed,,
3430,s,3431,unreviewed,,
3430,ne,3530,unreviewed,,
3430,se,3531,unreviewed,,
3431,s,3432,unreviewed,,
3431,ne,3531,unreviewed,,
3431,se,3532,unreviewed,,
3432,s,3433,unreviewed,,
3432,ne,3532,unreviewed,,
3432,se,3533,unreviewed,,
3433,s,3434,unreviewed,,
3433,ne,3533,unreviewed,,
3433,se,3534,unreviewed,,
3434,s,3435,unreviewed,,
3434,ne,3534,unreviewed,,
3434,se,3535,unreviewed,,
3435,s,3436,unreviewed,,
3435,ne,3535,unreviewed,,
3435,se,3536,unreviewed,,
3436,s,3437,unreviewed,,
3436,ne,3536,unreviewed,,
3436,se,3537,unreviewed,,
3437,s,3438,unreviewed,,
3437,ne,3537,unreviewed,,
3437,se,3538,unreviewed,,
3438,s,3439,unreviewed,,
3438,ne,3538,unreviewed,,
3438,se,3539,unreviewed,,
3439,s,3440,unreviewed,,
3439,ne,3539,unreviewed,,
3439,se,3540,unreviewed,,
3440,s,3441,unreviewed,,
3440,ne,3540,unreviewed,,
3440,se,3541,unreviewed,,
3441,s,3442,unreviewed,,
3441,ne,3541,unreviewed,,
3441,se,3542,unreviewed,,
3442,ne,3542,unreviewed,,
3500,s,3501,reviewed,none,Stal42_Map_west-FINAL-150 Q12.jpg crop x2420-3250 y80-550
3500,se,3600,reviewed,railroad,Stal42_Map_west-FINAL-150 Q12.jpg crop x2420-3250 y80-550
3501,s,3502,reviewed,none,Stal42_Map_west-FINAL-150 Q12.jpg crop x2420-3250 y80-550
3501,ne,3600,reviewed,none,Stal42_Map_west-FINAL-150 Q12.jpg crop x2420-3250 y80-550
3501,se,3601,reviewed,none,Stal42_Map_west-FINAL-150 Q12.jpg crop x2420-3250 y80-550
3502,s,3503,reviewed,none,Stal42_Map_west-FINAL-150 Q12.jpg crop x2130-2850 y380-990
3502,ne,3601,reviewed,none,Stal42_Map_west-FINAL-150 Q12.jpg crop x2420-3250 y80-550
3502,se,3602,reviewed,none,Stal42_Map_west-FINAL-150 Q12.jpg crop x2420-3250 y80-550
3503,s,3504,reviewed,none,Stal42_Map_west-FINAL-150 Q12.jpg crop x2130-2850 y380-990
3503,ne,3602,reviewed,none,Stal42_Map_west-FINAL-150 Q12.jpg crop x2130-2850 y380-990
3503,se,3603,reviewed,none,Stal42_Map_west-FINAL-150 Q12.jpg crop x2130-2850 y380-990
3504,s,3505,unreviewed,,
3504,ne,3603,reviewed,none,Stal42_Map_west-FINAL-150 Q12.jpg crop x2130-2850 y380-990
3504,se,3604,reviewed,secondary_road,Stal42_Map_west-FINAL-150 Q12.jpg crop x2130-2850 y380-990
3505,s,3506,unreviewed,,
3505,ne,3604,unreviewed,,
3505,se,3605,unreviewed,,
3506,s,3507,unreviewed,,
3506,ne,3605,unreviewed,,
3506,se,3606,unreviewed,,
3507,s,3508,unreviewed,,
3507,ne,3606,unreviewed,,
3507,se,3607,unreviewed,,
3508,s,3509,unreviewed,,
3508,ne,3607,unreviewed,,
3508,se,3608,unreviewed,,
3509,s,3510,unreviewed,,
3509,ne,3608,unreviewed,,
3509,se,3609,unreviewed,,
3510,s,3511,unreviewed,,
3510,ne,3609,unreviewed,,
3510,se,3610,unreviewed,,
3511,s,3512,unreviewed,,
3511,ne,3610,unreviewed,,
3511,se,3611,unreviewed,,
3512,s,3513,unreviewed,,
3512,ne,3611,unreviewed,,
3512,se,3612,unreviewed,,
3513,s,3514,unreviewed,,
3513,ne,3612,unreviewed,,
3513,se,3613,unreviewed,,
3514,s,3515,unreviewed,,
3514,ne,3613,unreviewed,,
3514,se,3614,unreviewed,,
3515,s,3516,unreviewed,,
3515,ne,3614,unreviewed,,
3515,se,3615,unreviewed,,
3516,s,3517,unreviewed,,
3516,ne,3615,unreviewed,,
3516,se,3616,unreviewed,,
3517,s,3518,unreviewed,,
3517,ne,3616,unreviewed,,
3517,se,3617,unreviewed,,
3518,s,3519,unreviewed,,
3518,ne,3617,unreviewed,,
3518,se,3618,unreviewed,,
3519,s,3520,unreviewed,,
3519,ne,3618,unreviewed,,
3519,se,3619,unreviewed,,
3520,s,3521,unreviewed,,
3520,ne,3619,unreviewed,,
3520,se,3620,unreviewed,,
3521,s,3522,unreviewed,,
3521,ne,3620,unreviewed,,
3521,se,3621,unreviewed,,
3522,s,3523,unreviewed,,
3522,ne,3621,unreviewed,,
3522,se,3622,unreviewed,,
3523,s,3524,unreviewed,,
3523,ne,3622,unreviewed,,
3523,se,3623,unreviewed,,
3524,s,3525,unreviewed,,
3524,ne,3623,unreviewed,,
3524,se,3624,unreviewed,,
3525,s,3526,unreviewed,,
3525,ne,3624,unreviewed,,
3525,se,3625,unreviewed,,
3526,s,3527,unreviewed,,
3526,ne,3625,unreviewed,,
3526,se,3626,unreviewed,,
3527,s,3528,unreviewed,,
3527,ne,3626,unreviewed,,
3527,se,3627,unreviewed,,
3528,s,3529,unreviewed,,
3528,ne,3627,unreviewed,,
3528,se,3628,unreviewed,,
3529,s,3530,unreviewed,,
3529,ne,3628,unreviewed,,
3529,se,3629,unreviewed,,
3530,s,3531,unreviewed,,
3530,ne,3629,unreviewed,,
3530,se,3630,unreviewed,,
3531,s,3532,unreviewed,,
3531,ne,3630,unreviewed,,
3531,se,3631,unreviewed,,
3532,s,3533,unreviewed,,
3532,ne,3631,unreviewed,,
3532,se,3632,unreviewed,,
3533,s,3534,unreviewed,,
3533,ne,3632,unreviewed,,
3533,se,3633,unreviewed,,
3534,s,3535,unreviewed,,
3534,ne,3633,unreviewed,,
3534,se,3634,unreviewed,,
3535,s,3536,unreviewed,,
3535,ne,3634,unreviewed,,
3535,se,3635,unreviewed,,
3536,s,3537,unreviewed,,
3536,ne,3635,unreviewed,,
3536,se,3636,unreviewed,,
3537,s,3538,unreviewed,,
3537,ne,3636,unreviewed,,
3537,se,3637,unreviewed,,
3538,s,3539,unreviewed,,
3538,ne,3637,unreviewed,,
3538,se,3638,unreviewed,,
3539,s,3540,unreviewed,,
3539,ne,3638,unreviewed,,
3539,se,3639,unreviewed,,
3540,s,3541,unreviewed,,
3540,ne,3639,unreviewed,,
3540,se,3640,unreviewed,,
3541,s,3542,unreviewed,,
3541,ne,3640,unreviewed,,
3541,se,3641,unreviewed,,
3542,ne,3641,unreviewed,,
3542,se,3642,unreviewed,,
3600,s,3601,reviewed,secondary_road,Stal42_Map_west-FINAL-150 Q12.jpg crop x2420-3250 y80-550
3600,ne,3700,unreviewed,,
3600,se,3701,unreviewed,,
3601,s,3602,reviewed,secondary_road,Stal42_Map_west-FINAL-150 Q12.jpg crop x2420-3250 y80-550
3601,ne,3701,unreviewed,,
3601,se,3702,unreviewed,,
3602,s,3603,reviewed,secondary_road,Stal42_Map_west-FINAL-150 Q12.jpg crop x2130-2850 y380-990
3602,ne,3702,unreviewed,,
3602,se,3703,unreviewed,,
3603,s,3604,reviewed,secondary_road,Stal42_Map_west-FINAL-150 Q12.jpg crop x2130-2850 y380-990
3603,ne,3703,unreviewed,,
3603,se,3704,unreviewed,,
3604,s,3605,unreviewed,,
3604,ne,3704,unreviewed,,
3604,se,3705,unreviewed,,
3605,s,3606,unreviewed,,
3605,ne,3705,unreviewed,,
3605,se,3706,unreviewed,,
3606,s,3607,unreviewed,,
3606,ne,3706,unreviewed,,
3606,se,3707,unreviewed,,
3607,s,3608,unreviewed,,
3607,ne,3707,unreviewed,,
3607,se,3708,unreviewed,,
3608,s,3609,unreviewed,,
3608,ne,3708,unreviewed,,
3608,se,3709,unreviewed,,
3609,s,3610,unreviewed,,
3609,ne,3709,unreviewed,,
3609,se,3710,unreviewed,,
3610,s,3611,unreviewed,,
3610,ne,3710,unreviewed,,
3610,se,3711,unreviewed,,
3611,s,3612,unreviewed,,
3611,ne,3711,unreviewed,,
3611,se,3712,unreviewed,,
3612,s,3613,unreviewed,,
3612,ne,3712,unreviewed,,
3612,se,3713,unreviewed,,
3613,s,3614,unreviewed,,
3613,ne,3713,unreviewed,,
3613,se,3714,unreviewed,,
3614,s,3615,unreviewed,,
3614,ne,3714,unreviewed,,
3614,se,3715,unreviewed,,
3615,s,3616,unreviewed,,
3615,ne,3715,unreviewed,,
3615,se,3716,unreviewed,,
3616,s,3617,unreviewed,,
3616,ne,3716,unreviewed,,
3616,se,3717,unreviewed,,
3617,s,3618,unreviewed,,
3617,ne,3717,unreviewed,,
3617,se,3718,unreviewed,,
3618,s,3619,unreviewed,,
3618,ne,3718,unreviewed,,
3618,se,3719,unreviewed,,
3619,s,3620,unreviewed,,
3619,ne,3719,unreviewed,,
3619,se,3720,unreviewed,,
3620,s,3621,unreviewed,,
3620,ne,3720,unreviewed,,
3620,se,3721,unreviewed,,
3621,s,3622,unreviewed,,
3621,ne,3721,unreviewed,,
3621,se,3722,unreviewed,,
3622,s,3623,unreviewed,,
3622,ne,3722,unreviewed,,
3622,se,3723,unreviewed,,
3623,s,3624,unreviewed,,
3623,ne,3723,unreviewed,,
3623,se,3724,unreviewed,,
3624,s,3625,unreviewed,,
3624,ne,3724,unreviewed,,
3624,se,3725,unreviewed,,
3625,s,3626,unreviewed,,
3625,ne,3725,unreviewed,,
3625,se,3726,unreviewed,,
3626,s,3627,unreviewed,,
3626,ne,3726,unreviewed,,
3626,se,3727,unreviewed,,
3627,s,3628,unreviewed,,
3627,ne,3727,unreviewed,,
3627,se,3728,unreviewed,,
3628,s,3629,unreviewed,,
3628,ne,3728,unreviewed,,
3628,se,3729,unreviewed,,
3629,s,3630,unreviewed,,
3629,ne,3729,unreviewed,,
3629,se,3730,unreviewed,,
3630,s,3631,unreviewed,,
3630,ne,3730,unreviewed,,
3630,se,3731,unreviewed,,
3631,s,3632,unreviewed,,
3631,ne,3731,unreviewed,,
3631,se,3732,unreviewed,,
3632,s,3633,unreviewed,,
3632,ne,3732,unreviewed,,
3632,se,3733,unreviewed,,
3633,s,3634,unreviewed,,
3633,ne,3733,unreviewed,,
3633,se,3734,unreviewed,,
3634,s,3635,unreviewed,,
3634,ne,3734,unreviewed,,
3634,se,3735,unreviewed,,
3635,s,3636,unreviewed,,
3635,ne,3735,unreviewed,,
3635,se,3736,unreviewed,,
3636,s,3637,unreviewed,,
3636,ne,3736,unreviewed,,
3636,se,3737,unreviewed,,
3637,s,3638,unreviewed,,
3637,ne,3737,unreviewed,,
3637,se,3738,unreviewed,,
3638,s,3639,unreviewed,,
3638,ne,3738,unreviewed,,
3638,se,3739,unreviewed,,
3639,s,3640,unreviewed,,
3639,ne,3739,unreviewed,,
3639,se,3740,unreviewed,,
3640,s,3641,unreviewed,,
3640,ne,3740,unreviewed,,
3640,se,3741,unreviewed,,
3641,s,3642,unreviewed,,
3641,ne,3741,unreviewed,,
3641,se,3742,unreviewed,,
3642,ne,3742,unreviewed,,
3700,s,3701,unreviewed,,
3700,se,3800,unreviewed,,
3701,s,3702,unreviewed,,
3701,ne,3800,unreviewed,,
3701,se,3801,unreviewed,,
3702,s,3703,unreviewed,,
3702,ne,3801,unreviewed,,
3702,se,3802,unreviewed,,
3703,s,3704,unreviewed,,
3703,ne,3802,unreviewed,,
3703,se,3803,unreviewed,,
3704,s,3705,unreviewed,,
3704,ne,3803,unreviewed,,
3704,se,3804,unreviewed,,
3705,s,3706,unreviewed,,
3705,ne,3804,unreviewed,,
3705,se,3805,unreviewed,,
3706,s,3707,unreviewed,,
3706,ne,3805,unreviewed,,
3706,se,3806,unreviewed,,
3707,s,3708,unreviewed,,
3707,ne,3806,unreviewed,,
3707,se,3807,unreviewed,,
3708,s,3709,unreviewed,,
3708,ne,3807,unreviewed,,
3708,se,3808,unreviewed,,
3709,s,3710,unreviewed,,
3709,ne,3808,unreviewed,,
3709,se,3809,unreviewed,,
3710,s,3711,unreviewed,,
3710,ne,3809,unreviewed,,
3710,se,3810,unreviewed,,
3711,s,3712,unreviewed,,
3711,ne,3810,unreviewed,,
3711,se,3811,unreviewed,,
3712,s,3713,unreviewed,,
3712,ne,3811,unreviewed,,
3712,se,3812,unreviewed,,
3713,s,3714,unreviewed,,
3713,ne,3812,unreviewed,,
3713,se,3813,unreviewed,,
3714,s,3715,unreviewed,,
3714,ne,3813,unreviewed,,
3714,se,3814,unreviewed,,
3715,s,3716,unreviewed,,
3715,ne,3814,unreviewed,,
3715,se,3815,unreviewed,,
3716,s,3717,unreviewed,,
3716,ne,3815,unreviewed,,
3716,se,3816,unreviewed,,
3717,s,3718,unreviewed,,
3717,ne,3816,unreviewed,,
3717,se,3817,unreviewed,,
3718,s,3719,unreviewed,,
3718,ne,3817,unreviewed,,
3718,se,3818,unreviewed,,
3719,s,3720,unreviewed,,
3719,ne,3818,unreviewed,,
3719,se,3819,unreviewed,,
3720,s,3721,unreviewed,,
3720,ne,3819,unreviewed,,
3720,se,3820,unreviewed,,
3721,s,3722,unreviewed,,
3721,ne,3820,unreviewed,,
3721,se,3821,unreviewed,,
3722,s,3723,unreviewed,,
3722,ne,3821,unreviewed,,
3722,se,3822,unreviewed,,
3723,s,3724,unreviewed,,
3723,ne,3822,unreviewed,,
3723,se,3823,unreviewed,,
3724,s,3725,unreviewed,,
3724,ne,3823,unreviewed,,
3724,se,3824,unreviewed,,
3725,s,3726,unreviewed,,
3725,ne,3824,unreviewed,,
3725,se,3825,unreviewed,,
3726,s,3727,unreviewed,,
3726,ne,3825,unreviewed,,
3726,se,3826,unreviewed,,
3727,s,3728,unreviewed,,
3727,ne,3826,unreviewed,,
3727,se,3827,unreviewed,,
3728,s,3729,unreviewed,,
3728,ne,3827,unreviewed,,
3728,se,3828,unreviewed,,
3729,s,3730,unreviewed,,
3729,ne,3828,unreviewed,,
3729,se,3829,unreviewed,,
3730,s,3731,unreviewed,,
3730,ne,3829,unreviewed,,
3730,se,3830,unreviewed,,
3731,s,3732,unreviewed,,
3731,ne,3830,unreviewed,,
3731,se,3831,unreviewed,,
3732,s,3733,unreviewed,,
3732,ne,3831,unreviewed,,
3732,se,3832,unreviewed,,
3733,s,3734,unreviewed,,
3733,ne,3832,unreviewed,,
3733,se,3833,unreviewed,,
3734,s,3735,unreviewed,,
3734,ne,3833,unreviewed,,
3734,se,3834,unreviewed,,
3735,s,3736,unreviewed,,
3735,ne,3834,unreviewed,,
3735,se,3835,unreviewed,,
3736,s,3737,unreviewed,,
3736,ne,3835,unreviewed,,
3736,se,3836,unreviewed,,
3737,s,3738,unreviewed,,
3737,ne,3836,unreviewed,,
3737,se,3837,unreviewed,,
3738,s,3739,unreviewed,,
3738,ne,3837,unreviewed,,
3738,se,3838,unreviewed,,
3739,s,3740,unreviewed,,
3739,ne,3838,unreviewed,,
3739,se,3839,unreviewed,,
3740,s,3741,unreviewed,,
3740,ne,3839,unreviewed,,
3740,se,3840,unreviewed,,
3741,s,3742,unreviewed,,
3741,ne,3840,unreviewed,,
3741,se,3841,unreviewed,,
3742,ne,3841,unreviewed,,
3742,se,3842,unreviewed,,
3800,s,3801,unreviewed,,
3800,ne,3900,unreviewed,,
3800,se,3901,unreviewed,,
3801,s,3802,unreviewed,,
3801,ne,3901,unreviewed,,
3801,se,3902,unreviewed,,
3802,s,3803,unreviewed,,
3802,ne,3902,unreviewed,,
3802,se,3903,unreviewed,,
3803,s,3804,unreviewed,,
3803,ne,3903,unreviewed,,
3803,se,3904,unreviewed,,
3804,s,3805,unreviewed,,
3804,ne,3904,unreviewed,,
3804,se,3905,unreviewed,,
3805,s,3806,unreviewed,,
3805,ne,3905,unreviewed,,
3805,se,3906,unreviewed,,
3806,s,3807,unreviewed,,
3806,ne,3906,unreviewed,,
3806,se,3907,unreviewed,,
3807,s,3808,unreviewed,,
3807,ne,3907,unreviewed,,
3807,se,3908,unreviewed,,
3808,s,3809,unreviewed,,
3808,ne,3908,unreviewed,,
3808,se,3909,unreviewed,,
3809,s,3810,unreviewed,,
3809,ne,3909,unreviewed,,
3809,se,3910,unreviewed,,
3810,s,3811,unreviewed,,
3810,ne,3910,unreviewed,,
3810,se,3911,unreviewed,,
3811,s,3812,unreviewed,,
3811,ne,3911,unreviewed,,
3811,se,3912,unreviewed,,
3812,s,3813,unreviewed,,
3812,ne,3912,unreviewed,,
3812,se,3913,unreviewed,,
3813,s,3814,unreviewed,,
3813,ne,3913,unreviewed,,
3813,se,3914,unreviewed,,
3814,s,3815,unreviewed,,
3814,ne,3914,unreviewed,,
3814,se,3915,unreviewed,,
3815,s,3816,unreviewed,,
3815,ne,3915,unreviewed,,
3815,se,3916,unreviewed,,
3816,s,3817,unreviewed,,
3816,ne,3916,unreviewed,,
3816,se,3917,unreviewed,,
3817,s,3818,unreviewed,,
3817,ne,3917,unreviewed,,
3817,se,3918,unreviewed,,
3818,s,3819,unreviewed,,
3818,ne,3918,unreviewed,,
3818,se,3919,unreviewed,,
3819,s,3820,unreviewed,,
3819,ne,3919,unreviewed,,
3819,se,3920,unreviewed,,
3820,s,3821,unreviewed,,
3820,ne,3920,unreviewed,,
3820,se,3921,unreviewed,,
3821,s,3822,unreviewed,,
3821,ne,3921,unreviewed,,
3821,se,3922,unreviewed,,
3822,s,3823,unreviewed,,
3822,ne,3922,unreviewed,,
3822,se,3923,unreviewed,,
3823,s,3824,unreviewed,,
3823,ne,3923,unreviewed,,
3823,se,3924,unreviewed,,
3824,s,3825,unreviewed,,
3824,ne,3924,unreviewed,,
3824,se,3925,unreviewed,,
3825,s,3826,unreviewed,,
3825,ne,3925,unreviewed,,
3825,se,3926,unreviewed,,
3826,s,3827,unreviewed,,
3826,ne,3926,unreviewed,,
3826,se,3927,unreviewed,,
3827,s,3828,unreviewed,,
3827,ne,3927,unreviewed,,
3827,se,3928,unreviewed,,
3828,s,3829,unreviewed,,
3828,ne,3928,unreviewed,,
3828,se,3929,unreviewed,,
3829,s,3830,unreviewed,,
3829,ne,3929,unreviewed,,
3829,se,3930,unreviewed,,
3830,s,3831,unreviewed,,
3830,ne,3930,unreviewed,,
3830,se,3931,unreviewed,,
3831,s,3832,unreviewed,,
3831,ne,3931,unreviewed,,
3831,se,3932,unreviewed,,
3832,s,3833,unreviewed,,
3832,ne,3932,unreviewed,,
3832,se,3933,unreviewed,,
3833,s,3834,unreviewed,,
3833,ne,3933,unreviewed,,
3833,se,3934,unreviewed,,
3834,s,3835,unreviewed,,
3834,ne,3934,unreviewed,,
3834,se,3935,unreviewed,,
3835,s,3836,unreviewed,,
3835,ne,3935,unreviewed,,
3835,se,3936,unreviewed,,
3836,s,3837,unreviewed,,
3836,ne,3936,unreviewed,,
3836,se,3937,unreviewed,,
3837,s,3838,unreviewed,,
3837,ne,3937,unreviewed,,
3837,se,3938,unreviewed,,
3838,s,3839,unreviewed,,
3838,ne,3938,unreviewed,,
3838,se,3939,unreviewed,,
3839,s,3840,unreviewed,,
3839,ne,3939,unreviewed,,
3839,se,3940,unreviewed,,
3840,s,3841,unreviewed,,
3840,ne,3940,unreviewed,,
3840,se,3941,unreviewed,,
3841,s,3842,unreviewed,,
3841,ne,3941,unreviewed,,
3841,se,3942,unreviewed,,
3842,ne,3942,unreviewed,,
3900,s,3901,unreviewed,,
3900,se,4000,unreviewed,,
3901,s,3902,unreviewed,,
3901,ne,4000,unreviewed,,
3901,se,4001,unreviewed,,
3902,s,3903,unreviewed,,
3902,ne,4001,unreviewed,,
3902,se,4002,unreviewed,,
3903,s,3904,unreviewed,,
3903,ne,4002,unreviewed,,
3903,se,4003,unreviewed,,
3904,s,3905,unreviewed,,
3904,ne,4003,unreviewed,,
3904,se,4004,unreviewed,,
3905,s,3906,unreviewed,,
3905,ne,4004,unreviewed,,
3905,se,4005,unreviewed,,
3906,s,3907,unreviewed,,
3906,ne,4005,unreviewed,,
3906,se,4006,unreviewed,,
3907,s,3908,unreviewed,,
3907,ne,4006,unreviewed,,
3907,se,4007,unreviewed,,
3908,s,3909,unreviewed,,
3908,ne,4007,unreviewed,,
3908,se,4008,unreviewed,,
3909,s,3910,unreviewed,,
3909,ne,4008,unreviewed,,
3909,se,4009,unreviewed,,
3910,s,3911,unreviewed,,
3910,ne,4009,unreviewed,,
3910,se,4010,unreviewed,,
3911,s,3912,unreviewed,,
3911,ne,4010,unreviewed,,
3911,se,4011,unreviewed,,
3912,s,3913,unreviewed,,
3912,ne,4011,unreviewed,,
3912,se,4012,unreviewed,,
3913,s,3914,unreviewed,,
3913,ne,4012,unreviewed,,
3913,se,4013,unreviewed,,
3914,s,3915,unreviewed,,
3914,ne,4013,unreviewed,,
3914,se,4014,unreviewed,,
3915,s,3916,unreviewed,,
3915,ne,4014,unreviewed,,
3915,se,4015,unreviewed,,
3916,s,3917,unreviewed,,
3916,ne,4015,unreviewed,,
3916,se,4016,unreviewed,,
3917,s,3918,unreviewed,,
3917,ne,4016,unreviewed,,
3917,se,4017,unreviewed,,
3918,s,3919,unreviewed,,
3918,ne,4017,unreviewed,,
3918,se,4018,unreviewed,,
3919,s,3920,unreviewed,,
3919,ne,4018,unreviewed,,
3919,se,4019,unreviewed,,
3920,s,3921,unreviewed,,
3920,ne,4019,unreviewed,,
3920,se,4020,unreviewed,,
3921,s,3922,unreviewed,,
3921,ne,4020,unreviewed,,
3921,se,4021,unreviewed,,
3922,s,3923,unreviewed,,
3922,ne,4021,unreviewed,,
3922,se,4022,unreviewed,,
3923,s,3924,unreviewed,,
3923,ne,4022,unreviewed,,
3923,se,4023,unreviewed,,
3924,s,3925,unreviewed,,
3924,ne,4023,unreviewed,,
3924,se,4024,unreviewed,,
3925,s,3926,unreviewed,,
3925,ne,4024,unreviewed,,
3925,se,4025,unreviewed,,
3926,s,3927,unreviewed,,
3926,ne,4025,unreviewed,,
3926,se,4026,unreviewed,,
3927,s,3928,unreviewed,,
3927,ne,4026,unreviewed,,
3927,se,4027,unreviewed,,
3928,s,3929,unreviewed,,
3928,ne,4027,unreviewed,,
3928,se,4028,unreviewed,,
3929,s,3930,unreviewed,,
3929,ne,4028,unreviewed,,
3929,se,4029,unreviewed,,
3930,s,3931,unreviewed,,
3930,ne,4029,unreviewed,,
3930,se,4030,unreviewed,,
3931,s,3932,unreviewed,,
3931,ne,4030,unreviewed,,
3931,se,4031,unreviewed,,
3932,s,3933,unreviewed,,
3932,ne,4031,unreviewed,,
3932,se,4032,unreviewed,,
3933,s,3934,unreviewed,,
3933,ne,4032,unreviewed,,
3933,se,4033,unreviewed,,
3934,s,3935,unreviewed,,
3934,ne,4033,unreviewed,,
3934,se,4034,unreviewed,,
3935,s,3936,unreviewed,,
3935,ne,4034,unreviewed,,
3935,se,4035,unreviewed,,
3936,s,3937,unreviewed,,
3936,ne,4035,unreviewed,,
3936,se,4036,unreviewed,,
3937,s,3938,unreviewed,,
3937,ne,4036,unreviewed,,
3937,se,4037,unreviewed,,
3938,s,3939,unreviewed,,
3938,ne,4037,unreviewed,,
3938,se,4038,unreviewed,,
3939,s,3940,unreviewed,,
3939,ne,4038,unreviewed,,
3939,se,4039,unreviewed,,
3940,s,3941,unreviewed,,
3940,ne,4039,unreviewed,,
3940,se,4040,unreviewed,,
3941,s,3942,unreviewed,,
3941,ne,4040,unreviewed,,
3941,se,4041,unreviewed,,
3942,ne,4041,unreviewed,,
3942,se,4042,unreviewed,,
4000,s,4001,unreviewed,,
4000,ne,4100,unreviewed,,
4000,se,4101,unreviewed,,
4001,s,4002,unreviewed,,
4001,ne,4101,unreviewed,,
4001,se,4102,unreviewed,,
4002,s,4003,unreviewed,,
4002,ne,4102,unreviewed,,
4002,se,4103,unreviewed,,
4003,s,4004,unreviewed,,
4003,ne,4103,unreviewed,,
4003,se,4104,unreviewed,,
4004,s,4005,unreviewed,,
4004,ne,4104,unreviewed,,
4004,se,4105,unreviewed,,
4005,s,4006,unreviewed,,
4005,ne,4105,unreviewed,,
4005,se,4106,unreviewed,,
4006,s,4007,unreviewed,,
4006,ne,4106,unreviewed,,
4006,se,4107,unreviewed,,
4007,s,4008,unreviewed,,
4007,ne,4107,unreviewed,,
4007,se,4108,unreviewed,,
4008,s,4009,unreviewed,,
4008,ne,4108,unreviewed,,
4008,se,4109,unreviewed,,
4009,s,4010,unreviewed,,
4009,ne,4109,unreviewed,,
4009,se,4110,unreviewed,,
4010,s,4011,unreviewed,,
4010,ne,4110,unreviewed,,
4010,se,4111,unreviewed,,
4011,s,4012,unreviewed,,
4011,ne,4111,unreviewed,,
4011,se,4112,unreviewed,,
4012,s,4013,unreviewed,,
4012,ne,4112,unreviewed,,
4012,se,4113,unreviewed,,
4013,s,4014,unreviewed,,
4013,ne,4113,unreviewed,,
4013,se,4114,unreviewed,,
4014,s,4015,unreviewed,,
4014,ne,4114,unreviewed,,
4014,se,4115,unreviewed,,
4015,s,4016,unreviewed,,
4015,ne,4115,unreviewed,,
4015,se,4116,unreviewed,,
4016,s,4017,unreviewed,,
4016,ne,4116,unreviewed,,
4016,se,4117,unreviewed,,
4017,s,4018,unreviewed,,
4017,ne,4117,unreviewed,,
4017,se,4118,unreviewed,,
4018,s,4019,unreviewed,,
4018,ne,4118,unreviewed,,
4018,se,4119,unreviewed,,
4019,s,4020,unreviewed,,
4019,ne,4119,unreviewed,,
4019,se,4120,unreviewed,,
4020,s,4021,unreviewed,,
4020,ne,4120,unreviewed,,
4020,se,4121,unreviewed,,
4021,s,4022,unreviewed,,
4021,ne,4121,unreviewed,,
4021,se,4122,unreviewed,,
4022,s,4023,unreviewed,,
4022,ne,4122,unreviewed,,
4022,se,4123,unreviewed,,
4023,s,4024,unreviewed,,
4023,ne,4123,unreviewed,,
4023,se,4124,unreviewed,,
4024,s,4025,unreviewed,,
4024,ne,4124,unreviewed,,
4024,se,4125,unreviewed,,
4025,s,4026,unreviewed,,
4025,ne,4125,unreviewed,,
4025,se,4126,unreviewed,,
4026,s,4027,unreviewed,,
4026,ne,4126,unreviewed,,
4026,se,4127,unreviewed,,
4027,s,4028,unreviewed,,
4027,ne,4127,unreviewed,,
4027,se,4128,unreviewed,,
4028,s,4029,unreviewed,,
4028,ne,4128,unreviewed,,
4028,se,4129,unreviewed,,
4029,s,4030,unreviewed,,
4029,ne,4129,unreviewed,,
4029,se,4130,unreviewed,,
4030,s,4031,unreviewed,,
4030,ne,4130,unreviewed,,
4030,se,4131,unreviewed,,
4031,s,4032,unreviewed,,
4031,ne,4131,unreviewed,,
4031,se,4132,unreviewed,,
4032,s,4033,unreviewed,,
4032,ne,4132,unreviewed,,
4032,se,4133,unreviewed,,
4033,s,4034,unreviewed,,
4033,ne,4133,unreviewed,,
4033,se,4134,unreviewed,,
4034,s,4035,unreviewed,,
4034,ne,4134,unreviewed,,
4034,se,4135,unreviewed,,
4035,s,4036,unreviewed,,
4035,ne,4135,unreviewed,,
4035,se,4136,unreviewed,,
4036,s,4037,unreviewed,,
4036,ne,4136,unreviewed,,
4036,se,4137,unreviewed,,
4037,s,4038,unreviewed,,
4037,ne,4137,unreviewed,,
4037,se,4138,unreviewed,,
4038,s,4039,unreviewed,,
4038,ne,4138,unreviewed,,
4038,se,4139,unreviewed,,
4039,s,4040,unreviewed,,
4039,ne,4139,unreviewed,,
4039,se,4140,unreviewed,,
4040,s,4041,unreviewed,,
4040,ne,4140,unreviewed,,
4040,se,4141,unreviewed,,
4041,s,4042,unreviewed,,
4041,ne,4141,unreviewed,,
4041,se,4142,unreviewed,,
4042,ne,4142,unreviewed,,
4100,s,4101,unreviewed,,
4101,s,4102,unreviewed,,
4102,s,4103,unreviewed,,
4103,s,4104,unreviewed,,
4104,s,4105,unreviewed,,
4105,s,4106,unreviewed,,
4106,s,4107,unreviewed,,
4107,s,4108,unreviewed,,
4108,s,4109,unreviewed,,
4109,s,4110,unreviewed,,
4110,s,4111,unreviewed,,
4111,s,4112,unreviewed,,
4112,s,4113,unreviewed,,
4113,s,4114,unreviewed,,
4114,s,4115,unreviewed,,
4115,s,4116,unreviewed,,
4116,s,4117,unreviewed,,
4117,s,4118,unreviewed,,
4118,s,4119,unreviewed,,
4119,s,4120,unreviewed,,
4120,s,4121,unreviewed,,
4121,s,4122,unreviewed,,
4122,s,4123,unreviewed,,
4123,s,4124,unreviewed,,
4124,s,4125,unreviewed,,
4125,s,4126,unreviewed,,
4126,s,4127,unreviewed,,
4127,s,4128,unreviewed,,
4128,s,4129,unreviewed,,
4129,s,4130,unreviewed,,
4130,s,4131,unreviewed,,
4131,s,4132,unreviewed,,
4132,s,4133,unreviewed,,
4133,s,4134,unreviewed,,
4134,s,4135,unreviewed,,
4135,s,4136,unreviewed,,
4136,s,4137,unreviewed,,
4137,s,4138,unreviewed,,
4138,s,4139,unreviewed,,
4139,s,4140,unreviewed,,
4140,s,4141,unreviewed,,
4141,s,4142,unreviewed,,
