hex_id,terrain,source_ref,other_features
1500,clear,Stal42_Map_west-FINAL-150 Q12.jpg crop x585-970 y45-475,none
1501,clear,Stal42_Map_west-FINAL-150 Q12.jpg crop x585-970 y45-475,none
1502,clear,Stal42_Map_west-FINAL-150 Q12.jpg crop x585-970 y45-475,fortification
1600,clear,Stal42_Map_west-FINAL-150 Q12.jpg crop x585-970 y45-475,fortification
1601,clear,Stal42_Map_west-FINAL-150 Q12.jpg crop x585-970 y45-475,fortification
1602,clear,Stal42_Map_west-FINAL-150 Q12.jpg crop x585-970 y45-475,none
1700,clear,Stal42_Map_west-FINAL-150 Q12.jpg crop x585-970 y45-475,none
1701,clear,Stal42_Map_west-FINAL-150 Q12.jpg crop x585-970 y45-475,none
1702,clear,Stal42_Map_west-FINAL-150 Q12.jpg crop x585-970 y45-475,none
