hex_id,direction,neighbor_id,blue_pixels_29x29,review_status,source_image
1833,s,1834,841,unreviewed,Stal42_Map_west-FINAL-150 Q12.jpg
3834,s,3835,760,unreviewed,Stal42_Map_west-FINAL-150 Q12.jpg
2734,se,2834,718,unreviewed,Stal42_Map_west-FINAL-150 Q12.jpg
2823,s,2824,707,unreviewed,Stal42_Map_west-FINAL-150 Q12.jpg
2223,ne,2323,681,unreviewed,Stal42_Map_west-FINAL-150 Q12.jpg
3935,s,3936,662,unreviewed,Stal42_Map_west-FINAL-150 Q12.jpg
3728,s,3729,660,unreviewed,Stal42_Map_west-FINAL-150 Q12.jpg
2723,s,2724,659,unreviewed,Stal42_Map_west-FINAL-150 Q12.jpg
2324,ne,2423,658,unreviewed,Stal42_Map_west-FINAL-150 Q12.jpg
2402,se,2503,635,unreviewed,Stal42_Map_west-FINAL-150 Q12.jpg
3526,s,3527,634,unreviewed,Stal42_Map_west-FINAL-150 Q12.jpg
2623,s,2624,631,unreviewed,Stal42_Map_west-FINAL-150 Q12.jpg
3326,s,3327,627,unreviewed,Stal42_Map_west-FINAL-150 Q12.jpg
3515,s,3516,624,unreviewed,Stal42_Map_west-FINAL-150 Q12.jpg
2221,s,2222,617,unreviewed,Stal42_Map_west-FINAL-150 Q12.jpg
3225,s,3226,617,unreviewed,Stal42_Map_west-FINAL-150 Q12.jpg
3627,s,3628,615,unreviewed,Stal42_Map_west-FINAL-150 Q12.jpg
3716,s,3717,601,unreviewed,Stal42_Map_west-FINAL-150 Q12.jpg
2910,s,2911,600,unreviewed,Stal42_Map_west-FINAL-150 Q12.jpg
3010,s,3011,600,unreviewed,Stal42_Map_west-FINAL-150 Q12.jpg
2122,se,2222,592,unreviewed,Stal42_Map_west-FINAL-150 Q12.jpg
3314,s,3315,591,unreviewed,Stal42_Map_west-FINAL-150 Q12.jpg
3213,s,3214,590,unreviewed,Stal42_Map_west-FINAL-150 Q12.jpg
4035,s,4036,589,unreviewed,Stal42_Map_west-FINAL-150 Q12.jpg
3233,s,3234,585,unreviewed,Stal42_Map_west-FINAL-150 Q12.jpg
3414,s,3415,584,unreviewed,Stal42_Map_west-FINAL-150 Q12.jpg
4136,s,4137,584,unreviewed,Stal42_Map_west-FINAL-150 Q12.jpg
3024,s,3025,578,unreviewed,Stal42_Map_west-FINAL-150 Q12.jpg
2505,s,2506,574,unreviewed,Stal42_Map_west-FINAL-150 Q12.jpg
3816,s,3817,568,unreviewed,Stal42_Map_west-FINAL-150 Q12.jpg
1923,ne,2022,557,unreviewed,Stal42_Map_west-FINAL-150 Q12.jpg
2924,s,2925,556,unreviewed,Stal42_Map_west-FINAL-150 Q12.jpg
2405,ne,2505,549,unreviewed,Stal42_Map_west-FINAL-150 Q12.jpg
3615,s,3616,549,unreviewed,Stal42_Map_west-FINAL-150 Q12.jpg
2222,se,2323,545,unreviewed,Stal42_Map_west-FINAL-150 Q12.jpg
3034,ne,3134,535,unreviewed,Stal42_Map_west-FINAL-150 Q12.jpg
2122,s,2123,529,unreviewed,Stal42_Map_west-FINAL-150 Q12.jpg
2423,se,2524,528,unreviewed,Stal42_Map_west-FINAL-150 Q12.jpg
2807,s,2808,527,unreviewed,Stal42_Map_west-FINAL-150 Q12.jpg
2404,ne,2504,524,unreviewed,Stal42_Map_west-FINAL-150 Q12.jpg
3432,s,3433,524,unreviewed,Stal42_Map_west-FINAL-150 Q12.jpg
2607,s,2608,523,unreviewed,Stal42_Map_west-FINAL-150 Q12.jpg
2911,ne,3010,523,unreviewed,Stal42_Map_west-FINAL-150 Q12.jpg
3535,ne,3634,522,unreviewed,Stal42_Map_west-FINAL-150 Q12.jpg
3634,s,3635,522,unreviewed,Stal42_Map_west-FINAL-150 Q12.jpg
2423,s,2424,520,unreviewed,Stal42_Map_west-FINAL-150 Q12.jpg
3114,s,3115,513,unreviewed,Stal42_Map_west-FINAL-150 Q12.jpg
3916,s,3917,512,unreviewed,Stal42_Map_west-FINAL-150 Q12.jpg
2404,se,2505,509,unreviewed,Stal42_Map_west-FINAL-150 Q12.jpg
2523,s,2524,507,unreviewed,Stal42_Map_west-FINAL-150 Q12.jpg
2925,ne,3024,507,unreviewed,Stal42_Map_west-FINAL-150 Q12.jpg
2708,se,2808,502,unreviewed,Stal42_Map_west-FINAL-150 Q12.jpg
3731,s,3732,501,unreviewed,Stal42_Map_west-FINAL-150 Q12.jpg
3426,s,3427,497,unreviewed,Stal42_Map_west-FINAL-150 Q12.jpg
1832,s,1833,496,unreviewed,Stal42_Map_west-FINAL-150 Q12.jpg
3830,s,3831,495,unreviewed,Stal42_Map_west-FINAL-150 Q12.jpg
3126,s,3127,491,unreviewed,Stal42_Map_west-FINAL-150 Q12.jpg
3033,se,3134,490,unreviewed,Stal42_Map_west-FINAL-150 Q12.jpg
4130,s,4131,489,unreviewed,Stal42_Map_west-FINAL-150 Q12.jpg
1922,s,1923,481,unreviewed,Stal42_Map_west-FINAL-150 Q12.jpg
2623,se,2724,470,unreviewed,Stal42_Map_west-FINAL-150 Q12.jpg
3631,s,3632,469,unreviewed,Stal42_Map_west-FINAL-150 Q12.jpg
2608,ne,2708,468,unreviewed,Stal42_Map_west-FINAL-150 Q12.jpg
2504,s,2505,466,unreviewed,Stal42_Map_west-FINAL-150 Q12.jpg
3730,s,3731,466,unreviewed,Stal42_Map_west-FINAL-150 Q12.jpg
1722,ne,1821,457,unreviewed,Stal42_Map_west-FINAL-150 Q12.jpg
2808,se,2909,446,unreviewed,Stal42_Map_west-FINAL-150 Q12.jpg
2022,se,2123,441,unreviewed,Stal42_Map_west-FINAL-150 Q12.jpg
3532,s,3533,440,unreviewed,Stal42_Map_west-FINAL-150 Q12.jpg
4016,s,4017,439,unreviewed,Stal42_Map_west-FINAL-150 Q12.jpg
1821,s,1822,438,unreviewed,Stal42_Map_west-FINAL-150 Q12.jpg
2323,s,2324,437,unreviewed,Stal42_Map_west-FINAL-150 Q12.jpg
2507,se,2607,437,unreviewed,Stal42_Map_west-FINAL-150 Q12.jpg
3226,ne,3326,424,unreviewed,Stal42_Map_west-FINAL-150 Q12.jpg
2506,ne,2605,421,unreviewed,Stal42_Map_west-FINAL-150 Q12.jpg
4030,s,4031,419,unreviewed,Stal42_Map_west-FINAL-150 Q12.jpg
2403,se,2504,418,unreviewed,Stal42_Map_west-FINAL-150 Q12.jpg
2506,se,2606,418,unreviewed,Stal42_Map_west-FINAL-150 Q12.jpg
4116,s,4117,418,unreviewed,Stal42_Map_west-FINAL-150 Q12.jpg
2222,ne,2322,417,unreviewed,Stal42_Map_west-FINAL-150 Q12.jpg
3904,s,3905,412,unreviewed,Stal42_Map_west-FINAL-150 Q12.jpg
3334,ne,3433,409,unreviewed,Stal42_Map_west-FINAL-150 Q12.jpg
3729,s,3730,393,unreviewed,Stal42_Map_west-FINAL-150 Q12.jpg
2708,s,2709,392,unreviewed,Stal42_Map_west-FINAL-150 Q12.jpg
3334,s,3335,383,unreviewed,Stal42_Map_west-FINAL-150 Q12.jpg
1204,ne,1304,382,unreviewed,Stal42_Map_west-FINAL-150 Q12.jpg
3605,s,3606,379,unreviewed,Stal42_Map_west-FINAL-150 Q12.jpg
2507,ne,2606,377,unreviewed,Stal42_Map_west-FINAL-150 Q12.jpg
1822,ne,1922,375,unreviewed,Stal42_Map_west-FINAL-150 Q12.jpg
3734,s,3735,375,unreviewed,Stal42_Map_west-FINAL-150 Q12.jpg
2503,ne,2602,371,unreviewed,Stal42_Map_west-FINAL-150 Q12.jpg
4032,s,4033,371,unreviewed,Stal42_Map_west-FINAL-150 Q12.jpg
2808,ne,2908,367,unreviewed,Stal42_Map_west-FINAL-150 Q12.jpg
3440,s,3441,366,unreviewed,Stal42_Map_west-FINAL-150 Q12.jpg
2810,ne,2910,359,unreviewed,Stal42_Map_west-FINAL-150 Q12.jpg
2809,se,2910,358,unreviewed,Stal42_Map_west-FINAL-150 Q12.jpg
3522,s,3523,354,unreviewed,Stal42_Map_west-FINAL-150 Q12.jpg
1412,se,1513,349,unreviewed,Stal42_Map_west-FINAL-150 Q12.jpg
1929,se,2029,348,unreviewed,Stal42_Map_west-FINAL-150 Q12.jpg
2824,ne,2924,348,unreviewed,Stal42_Map_west-FINAL-150 Q12.jpg
2422,ne,2522,347,unreviewed,Stal42_Map_west-FINAL-150 Q12.jpg
3327,ne,3426,345,unreviewed,Stal42_Map_west-FINAL-150 Q12.jpg
3732,s,3733,345,unreviewed,Stal42_Map_west-FINAL-150 Q12.jpg
3529,s,3530,344,unreviewed,Stal42_Map_west-FINAL-150 Q12.jpg
1813,ne,1913,338,unreviewed,Stal42_Map_west-FINAL-150 Q12.jpg
3026,ne,3126,337,unreviewed,Stal42_Map_west-FINAL-150 Q12.jpg
2809,ne,2909,335,unreviewed,Stal42_Map_west-FINAL-150 Q12.jpg
3835,ne,3935,335,unreviewed,Stal42_Map_west-FINAL-150 Q12.jpg
1815,se,1916,334,unreviewed,Stal42_Map_west-FINAL-150 Q12.jpg
3527,s,3528,334,unreviewed,Stal42_Map_west-FINAL-150 Q12.jpg
3013,se,3114,333,unreviewed,Stal42_Map_west-FINAL-150 Q12.jpg
3832,s,3833,332,unreviewed,Stal42_Map_west-FINAL-150 Q12.jpg
3013,s,3014,331,unreviewed,Stal42_Map_west-FINAL-150 Q12.jpg
2503,s,2504,330,unreviewed,Stal42_Map_west-FINAL-150 Q12.jpg
3014,ne,3114,324,unreviewed,Stal42_Map_west-FINAL-150 Q12.jpg
3805,s,3806,324,unreviewed,Stal42_Map_west-FINAL-150 Q12.jpg
4009,s,4010,323,unreviewed,Stal42_Map_west-FINAL-150 Q12.jpg
3013,ne,3113,319,unreviewed,Stal42_Map_west-FINAL-150 Q12.jpg
3026,s,3027,316,unreviewed,Stal42_Map_west-FINAL-150 Q12.jpg
3133,s,3134,316,unreviewed,Stal42_Map_west-FINAL-150 Q12.jpg
1822,se,1923,314,unreviewed,Stal42_Map_west-FINAL-150 Q12.jpg
1914,se,2014,312,unreviewed,Stal42_Map_west-FINAL-150 Q12.jpg
2022,s,2023,310,unreviewed,Stal42_Map_west-FINAL-150 Q12.jpg
1808,ne,1908,308,unreviewed,Stal42_Map_west-FINAL-150 Q12.jpg
1914,ne,2013,307,unreviewed,Stal42_Map_west-FINAL-150 Q12.jpg
3012,ne,3112,307,unreviewed,Stal42_Map_west-FINAL-150 Q12.jpg
3706,s,3707,306,unreviewed,Stal42_Map_west-FINAL-150 Q12.jpg
1811,se,1912,305,unreviewed,Stal42_Map_west-FINAL-150 Q12.jpg
3134,se,3234,304,unreviewed,Stal42_Map_west-FINAL-150 Q12.jpg
2331,ne,2430,303,unreviewed,Stal42_Map_west-FINAL-150 Q12.jpg
1809,ne,1909,302,unreviewed,Stal42_Map_west-FINAL-150 Q12.jpg
1808,se,1909,301,unreviewed,Stal42_Map_west-FINAL-150 Q12.jpg
3623,s,3624,301,unreviewed,Stal42_Map_west-FINAL-150 Q12.jpg
3629,s,3630,301,unreviewed,Stal42_Map_west-FINAL-150 Q12.jpg
1809,se,1910,300,unreviewed,Stal42_Map_west-FINAL-150 Q12.jpg
3804,s,3805,300,unreviewed,Stal42_Map_west-FINAL-150 Q12.jpg
3907,s,3908,300,unreviewed,Stal42_Map_west-FINAL-150 Q12.jpg
1716,se,1816,296,unreviewed,Stal42_Map_west-FINAL-150 Q12.jpg
1825,ne,1925,295,unreviewed,Stal42_Map_west-FINAL-150 Q12.jpg
2032,se,2133,295,unreviewed,Stal42_Map_west-FINAL-150 Q12.jpg
2021,ne,2121,293,unreviewed,Stal42_Map_west-FINAL-150 Q12.jpg
1930,ne,2029,292,unreviewed,Stal42_Map_west-FINAL-150 Q12.jpg
2034,ne,2134,292,unreviewed,Stal42_Map_west-FINAL-150 Q12.jpg
4112,s,4113,292,unreviewed,Stal42_Map_west-FINAL-150 Q12.jpg
2121,s,2122,291,unreviewed,Stal42_Map_west-FINAL-150 Q12.jpg
1833,ne,1933,288,unreviewed,Stal42_Map_west-FINAL-150 Q12.jpg
2508,ne,2607,288,unreviewed,Stal42_Map_west-FINAL-150 Q12.jpg
3115,s,3116,288,unreviewed,Stal42_Map_west-FINAL-150 Q12.jpg
2533,se,2633,287,unreviewed,Stal42_Map_west-FINAL-150 Q12.jpg
1312,se,1412,286,unreviewed,Stal42_Map_west-FINAL-150 Q12.jpg
3008,s,3009,284,unreviewed,Stal42_Map_west-FINAL-150 Q12.jpg
1311,se,1411,283,unreviewed,Stal42_Map_west-FINAL-150 Q12.jpg
1834,ne,1934,283,unreviewed,Stal42_Map_west-FINAL-150 Q12.jpg
3626,s,3627,283,unreviewed,Stal42_Map_west-FINAL-150 Q12.jpg
4004,s,4005,283,unreviewed,Stal42_Map_west-FINAL-150 Q12.jpg
1913,s,1914,282,unreviewed,Stal42_Map_west-FINAL-150 Q12.jpg
2713,s,2714,282,unreviewed,Stal42_Map_west-FINAL-150 Q12.jpg
3012,se,3113,282,unreviewed,Stal42_Map_west-FINAL-150 Q12.jpg
3700,s,3701,282,unreviewed,Stal42_Map_west-FINAL-150 Q12.jpg
1313,ne,1412,281,unreviewed,Stal42_Map_west-FINAL-150 Q12.jpg
3105,s,3106,281,unreviewed,Stal42_Map_west-FINAL-150 Q12.jpg
3631,ne,3731,281,unreviewed,Stal42_Map_west-FINAL-150 Q12.jpg
1204,se,1305,280,unreviewed,Stal42_Map_west-FINAL-150 Q12.jpg
3205,s,3206,280,unreviewed,Stal42_Map_west-FINAL-150 Q12.jpg
1815,s,1816,278,unreviewed,Stal42_Map_west-FINAL-150 Q12.jpg
2921,s,2922,278,unreviewed,Stal42_Map_west-FINAL-150 Q12.jpg
2122,ne,2221,277,unreviewed,Stal42_Map_west-FINAL-150 Q12.jpg
2624,s,2625,277,unreviewed,Stal42_Map_west-FINAL-150 Q12.jpg
3214,s,3215,277,unreviewed,Stal42_Map_west-FINAL-150 Q12.jpg
4036,ne,4136,277,unreviewed,Stal42_Map_west-FINAL-150 Q12.jpg
1411,ne,1511,276,unreviewed,Stal42_Map_west-FINAL-150 Q12.jpg
1915,s,1916,276,unreviewed,Stal42_Map_west-FINAL-150 Q12.jpg
1313,se,1413,275,unreviewed,Stal42_Map_west-FINAL-150 Q12.jpg
2507,s,2508,274,unreviewed,Stal42_Map_west-FINAL-150 Q12.jpg
3126,se,3226,274,unreviewed,Stal42_Map_west-FINAL-150 Q12.jpg
3906,s,3907,274,unreviewed,Stal42_Map_west-FINAL-150 Q12.jpg
1721,ne,1820,273,unreviewed,Stal42_Map_west-FINAL-150 Q12.jpg
2407,se,2508,273,unreviewed,Stal42_Map_west-FINAL-150 Q12.jpg
1410,se,1511,272,unreviewed,Stal42_Map_west-FINAL-150 Q12.jpg
2522,s,2523,272,unreviewed,Stal42_Map_west-FINAL-150 Q12.jpg
3923,s,3924,271,unreviewed,Stal42_Map_west-FINAL-150 Q12.jpg
2531,s,2532,269,unreviewed,Stal42_Map_west-FINAL-150 Q12.jpg
2914,s,2915,269,unreviewed,Stal42_Map_west-FINAL-150 Q12.jpg
3724,s,3725,269,unreviewed,Stal42_Map_west-FINAL-150 Q12.jpg
4011,s,4012,269,unreviewed,Stal42_Map_west-FINAL-150 Q12.jpg
2308,ne,2407,268,unreviewed,Stal42_Map_west-FINAL-150 Q12.jpg
3234,ne,3334,268,unreviewed,Stal42_Map_west-FINAL-150 Q12.jpg
3214,ne,3314,267,unreviewed,Stal42_Map_west-FINAL-150 Q12.jpg
3340,s,3341,267,unreviewed,Stal42_Map_west-FINAL-150 Q12.jpg
1621,ne,1721,266,unreviewed,Stal42_Map_west-FINAL-150 Q12.jpg
1721,s,1722,266,unreviewed,Stal42_Map_west-FINAL-150 Q12.jpg
2033,ne,2133,266,unreviewed,Stal42_Map_west-FINAL-150 Q12.jpg
2403,ne,2503,266,unreviewed,Stal42_Map_west-FINAL-150 Q12.jpg
2532,ne,2631,265,unreviewed,Stal42_Map_west-FINAL-150 Q12.jpg
1812,se,1913,264,unreviewed,Stal42_Map_west-FINAL-150 Q12.jpg
2307,s,2308,264,unreviewed,Stal42_Map_west-FINAL-150 Q12.jpg
2431,ne,2531,264,unreviewed,Stal42_Map_west-FINAL-150 Q12.jpg
2622,s,2623,264,unreviewed,Stal42_Map_west-FINAL-150 Q12.jpg
3616,ne,3716,264,unreviewed,Stal42_Map_west-FINAL-150 Q12.jpg
2330,s,2331,263,unreviewed,Stal42_Map_west-FINAL-150 Q12.jpg
3336,s,3337,263,unreviewed,Stal42_Map_west-FINAL-150 Q12.jpg
2430,s,2431,262,unreviewed,Stal42_Map_west-FINAL-150 Q12.jpg
2531,ne,2630,262,unreviewed,Stal42_Map_west-FINAL-150 Q12.jpg
2905,s,2906,262,unreviewed,Stal42_Map_west-FINAL-150 Q12.jpg
3428,s,3429,260,unreviewed,Stal42_Map_west-FINAL-150 Q12.jpg
1203,s,1204,259,unreviewed,Stal42_Map_west-FINAL-150 Q12.jpg
1411,se,1512,259,unreviewed,Stal42_Map_west-FINAL-150 Q12.jpg
2407,s,2408,259,unreviewed,Stal42_Map_west-FINAL-150 Q12.jpg
2421,ne,2521,259,unreviewed,Stal42_Map_west-FINAL-150 Q12.jpg
2531,se,2631,259,unreviewed,Stal42_Map_west-FINAL-150 Q12.jpg
4002,s,4003,259,unreviewed,Stal42_Map_west-FINAL-150 Q12.jpg
2927,s,2928,258,unreviewed,Stal42_Map_west-FINAL-150 Q12.jpg
3011,s,3012,258,unreviewed,Stal42_Map_west-FINAL-150 Q12.jpg
2525,ne,2624,257,unreviewed,Stal42_Map_west-FINAL-150 Q12.jpg
2020,se,2121,256,unreviewed,Stal42_Map_west-FINAL-150 Q12.jpg
1103,s,1104,255,unreviewed,Stal42_Map_west-FINAL-150 Q12.jpg
4038,s,4039,254,unreviewed,Stal42_Map_west-FINAL-150 Q12.jpg
4137,s,4138,253,unreviewed,Stal42_Map_west-FINAL-150 Q12.jpg
1411,s,1412,252,unreviewed,Stal42_Map_west-FINAL-150 Q12.jpg
3505,s,3506,251,unreviewed,Stal42_Map_west-FINAL-150 Q12.jpg
1717,ne,1816,249,unreviewed,Stal42_Map_west-FINAL-150 Q12.jpg
3806,s,3807,249,unreviewed,Stal42_Map_west-FINAL-150 Q12.jpg
1104,ne,1203,247,unreviewed,Stal42_Map_west-FINAL-150 Q12.jpg
1412,s,1413,247,unreviewed,Stal42_Map_west-FINAL-150 Q12.jpg
3315,ne,3414,247,unreviewed,Stal42_Map_west-FINAL-150 Q12.jpg
4010,s,4011,247,unreviewed,Stal42_Map_west-FINAL-150 Q12.jpg
1810,ne,1910,246,unreviewed,Stal42_Map_west-FINAL-150 Q12.jpg
3527,ne,3626,246,unreviewed,Stal42_Map_west-FINAL-150 Q12.jpg
1812,ne,1912,245,unreviewed,Stal42_Map_west-FINAL-150 Q12.jpg
2033,se,2134,245,unreviewed,Stal42_Map_west-FINAL-150 Q12.jpg
3022,s,3023,245,unreviewed,Stal42_Map_west-FINAL-150 Q12.jpg
1001,s,1002,244,unreviewed,Stal42_Map_west-FINAL-150 Q12.jpg
2032,ne,2132,243,unreviewed,Stal42_Map_west-FINAL-150 Q12.jpg
2230,ne,2330,243,unreviewed,Stal42_Map_west-FINAL-150 Q12.jpg
3931,s,3932,243,unreviewed,Stal42_Map_west-FINAL-150 Q12.jpg
1915,ne,2014,242,unreviewed,Stal42_Map_west-FINAL-150 Q12.jpg
2518,ne,2617,242,unreviewed,Stal42_Map_west-FINAL-150 Q12.jpg
3602,se,3703,242,unreviewed,Stal42_Map_west-FINAL-150 Q12.jpg
1212,ne,1312,241,unreviewed,Stal42_Map_west-FINAL-150 Q12.jpg
2519,s,2520,241,unreviewed,Stal42_Map_west-FINAL-150 Q12.jpg
2924,ne,3023,241,unreviewed,Stal42_Map_west-FINAL-150 Q12.jpg
2612,s,2613,240,unreviewed,Stal42_Map_west-FINAL-150 Q12.jpg
2509,s,2510,239,unreviewed,Stal42_Map_west-FINAL-150 Q12.jpg
1807,ne,1907,237,unreviewed,Stal42_Map_west-FINAL-150 Q12.jpg
3110,s,3111,236,unreviewed,Stal42_Map_west-FINAL-150 Q12.jpg
3025,se,3126,235,unreviewed,Stal42_Map_west-FINAL-150 Q12.jpg
1823,s,1824,233,unreviewed,Stal42_Map_west-FINAL-150 Q12.jpg
1210,se,1311,232,unreviewed,Stal42_Map_west-FINAL-150 Q12.jpg
3908,s,3909,230,unreviewed,Stal42_Map_west-FINAL-150 Q12.jpg
1719,se,1819,229,unreviewed,Stal42_Map_west-FINAL-150 Q12.jpg
3825,s,3826,229,unreviewed,Stal42_Map_west-FINAL-150 Q12.jpg
2420,ne,2520,228,unreviewed,Stal42_Map_west-FINAL-150 Q12.jpg
2501,se,2601,228,unreviewed,Stal42_Map_west-FINAL-150 Q12.jpg
1312,s,1313,227,unreviewed,Stal42_Map_west-FINAL-150 Q12.jpg
1915,se,2015,227,unreviewed,Stal42_Map_west-FINAL-150 Q12.jpg
2501,ne,2600,227,unreviewed,Stal42_Map_west-FINAL-150 Q12.jpg
2524,s,2525,227,unreviewed,Stal42_Map_west-FINAL-150 Q12.jpg
2409,s,2410,226,unreviewed,Stal42_Map_west-FINAL-150 Q12.jpg
1810,se,1911,225,unreviewed,Stal42_Map_west-FINAL-150 Q12.jpg
3936,ne,4035,225,unreviewed,Stal42_Map_west-FINAL-150 Q12.jpg
3909,s,3910,224,unreviewed,Stal42_Map_west-FINAL-150 Q12.jpg
1512,se,1612,223,unreviewed,Stal42_Map_west-FINAL-150 Q12.jpg
2824,s,2825,223,unreviewed,Stal42_Map_west-FINAL-150 Q12.jpg
1807,se,1908,222,unreviewed,Stal42_Map_west-FINAL-150 Q12.jpg
1719,ne,1818,221,unreviewed,Stal42_Map_west-FINAL-150 Q12.jpg
3022,ne,3122,221,unreviewed,Stal42_Map_west-FINAL-150 Q12.jpg
2821,ne,2921,220,unreviewed,Stal42_Map_west-FINAL-150 Q12.jpg
3005,se,3106,220,unreviewed,Stal42_Map_west-FINAL-150 Q12.jpg
3433,se,3534,219,unreviewed,Stal42_Map_west-FINAL-150 Q12.jpg
2504,ne,2603,218,unreviewed,Stal42_Map_west-FINAL-150 Q12.jpg
4041,s,4042,218,unreviewed,Stal42_Map_west-FINAL-150 Q12.jpg
3839,ne,3939,217,unreviewed,Stal42_Map_west-FINAL-150 Q12.jpg
2421,se,2522,214,unreviewed,Stal42_Map_west-FINAL-150 Q12.jpg
3110,se,3210,214,unreviewed,Stal42_Map_west-FINAL-150 Q12.jpg
3816,se,3917,214,unreviewed,Stal42_Map_west-FINAL-150 Q12.jpg
2028,s,2029,213,unreviewed,Stal42_Map_west-FINAL-150 Q12.jpg
2207,ne,2307,212,unreviewed,Stal42_Map_west-FINAL-150 Q12.jpg
2613,ne,2713,212,unreviewed,Stal42_Map_west-FINAL-150 Q12.jpg
3823,s,3824,212,unreviewed,Stal42_Map_west-FINAL-150 Q12.jpg
1306,ne,1405,208,unreviewed,Stal42_Map_west-FINAL-150 Q12.jpg
3015,s,3016,208,unreviewed,Stal42_Map_west-FINAL-150 Q12.jpg
2923,ne,3022,205,unreviewed,Stal42_Map_west-FINAL-150 Q12.jpg
3727,s,3728,205,unreviewed,Stal42_Map_west-FINAL-150 Q12.jpg
2813,s,2814,204,unreviewed,Stal42_Map_west-FINAL-150 Q12.jpg
3630,ne,3730,204,unreviewed,Stal42_Map_west-FINAL-150 Q12.jpg
1205,ne,1305,203,unreviewed,Stal42_Map_west-FINAL-150 Q12.jpg
1811,ne,1911,203,unreviewed,Stal42_Map_west-FINAL-150 Q12.jpg
2806,se,2907,202,unreviewed,Stal42_Map_west-FINAL-150 Q12.jpg
3006,ne,3106,202,unreviewed,Stal42_Map_west-FINAL-150 Q12.jpg
3831,ne,3931,202,unreviewed,Stal42_Map_west-FINAL-150 Q12.jpg
3103,ne,3202,201,unreviewed,Stal42_Map_west-FINAL-150 Q12.jpg
3833,s,3834,201,unreviewed,Stal42_Map_west-FINAL-150 Q12.jpg
2519,ne,2618,200,unreviewed,Stal42_Map_west-FINAL-150 Q12.jpg
3534,s,3535,200,unreviewed,Stal42_Map_west-FINAL-150 Q12.jpg
1620,s,1621,199,unreviewed,Stal42_Map_west-FINAL-150 Q12.jpg
2310,se,2410,197,unreviewed,Stal42_Map_west-FINAL-150 Q12.jpg
2805,se,2906,196,unreviewed,Stal42_Map_west-FINAL-150 Q12.jpg
3516,ne,3615,196,unreviewed,Stal42_Map_west-FINAL-150 Q12.jpg
4133,s,4134,196,unreviewed,Stal42_Map_west-FINAL-150 Q12.jpg
4001,s,4002,195,unreviewed,Stal42_Map_west-FINAL-150 Q12.jpg
2724,ne,2823,191,unreviewed,Stal42_Map_west-FINAL-150 Q12.jpg
3114,se,3214,190,unreviewed,Stal42_Map_west-FINAL-150 Q12.jpg
3413,s,3414,190,unreviewed,Stal42_Map_west-FINAL-150 Q12.jpg
3726,se,3826,190,unreviewed,Stal42_Map_west-FINAL-150 Q12.jpg
2020,ne,2120,189,unreviewed,Stal42_Map_west-FINAL-150 Q12.jpg
2419,se,2520,189,unreviewed,Stal42_Map_west-FINAL-150 Q12.jpg
3011,ne,3111,188,unreviewed,Stal42_Map_west-FINAL-150 Q12.jpg
3726,s,3727,188,unreviewed,Stal42_Map_west-FINAL-150 Q12.jpg
2029,s,2030,187,unreviewed,Stal42_Map_west-FINAL-150 Q12.jpg
3010,se,3111,186,unreviewed,Stal42_Map_west-FINAL-150 Q12.jpg
1721,se,1821,185,unreviewed,Stal42_Map_west-FINAL-150 Q12.jpg
3341,ne,3440,184,unreviewed,Stal42_Map_west-FINAL-150 Q12.jpg
1001,se,1102,183,unreviewed,Stal42_Map_west-FINAL-150 Q12.jpg
2534,se,2634,183,unreviewed,Stal42_Map_west-FINAL-150 Q12.jpg
3105,ne,3204,182,unreviewed,Stal42_Map_west-FINAL-150 Q12.jpg
2714,ne,2813,181,unreviewed,Stal42_Map_west-FINAL-150 Q12.jpg
3426,se,3527,176,unreviewed,Stal42_Map_west-FINAL-150 Q12.jpg
2503,se,2603,175,unreviewed,Stal42_Map_west-FINAL-150 Q12.jpg
3939,s,3940,174,unreviewed,Stal42_Map_west-FINAL-150 Q12.jpg
2420,se,2521,173,unreviewed,Stal42_Map_west-FINAL-150 Q12.jpg
2502,s,2503,172,unreviewed,Stal42_Map_west-FINAL-150 Q12.jpg
3625,se,3726,172,unreviewed,Stal42_Map_west-FINAL-150 Q12.jpg
3933,s,3934,172,unreviewed,Stal42_Map_west-FINAL-150 Q12.jpg
2029,ne,2129,171,unreviewed,Stal42_Map_west-FINAL-150 Q12.jpg
3025,ne,3125,169,unreviewed,Stal42_Map_west-FINAL-150 Q12.jpg
3528,ne,3627,169,unreviewed,Stal42_Map_west-FINAL-150 Q12.jpg
4138,s,4139,169,unreviewed,Stal42_Map_west-FINAL-150 Q12.jpg
2031,se,2132,167,unreviewed,Stal42_Map_west-FINAL-150 Q12.jpg
2509,ne,2608,167,unreviewed,Stal42_Map_west-FINAL-150 Q12.jpg
2910,ne,3009,167,unreviewed,Stal42_Map_west-FINAL-150 Q12.jpg
2923,se,3023,167,unreviewed,Stal42_Map_west-FINAL-150 Q12.jpg
2924,se,3024,167,unreviewed,Stal42_Map_west-FINAL-150 Q12.jpg
2029,se,2130,165,unreviewed,Stal42_Map_west-FINAL-150 Q12.jpg
2634,ne,2734,163,unreviewed,Stal42_Map_west-FINAL-150 Q12.jpg
1312,ne,1411,162,unreviewed,Stal42_Map_west-FINAL-150 Q12.jpg
2504,se,2604,161,unreviewed,Stal42_Map_west-FINAL-150 Q12.jpg
3436,s,3437,160,unreviewed,Stal42_Map_west-FINAL-150 Q12.jpg
4104,s,4105,160,unreviewed,Stal42_Map_west-FINAL-150 Q12.jpg
4141,s,4142,160,unreviewed,Stal42_Map_west-FINAL-150 Q12.jpg
3903,s,3904,158,unreviewed,Stal42_Map_west-FINAL-150 Q12.jpg
2518,se,2618,155,unreviewed,Stal42_Map_west-FINAL-150 Q12.jpg
2910,se,3010,153,unreviewed,Stal42_Map_west-FINAL-150 Q12.jpg
2914,ne,3013,152,unreviewed,Stal42_Map_west-FINAL-150 Q12.jpg
3114,ne,3213,152,unreviewed,Stal42_Map_west-FINAL-150 Q12.jpg
1305,s,1306,151,unreviewed,Stal42_Map_west-FINAL-150 Q12.jpg
4119,s,4120,150,unreviewed,Stal42_Map_west-FINAL-150 Q12.jpg
4110,s,4111,149,unreviewed,Stal42_Map_west-FINAL-150 Q12.jpg
2409,se,2510,148,unreviewed,Stal42_Map_west-FINAL-150 Q12.jpg
2508,se,2608,148,unreviewed,Stal42_Map_west-FINAL-150 Q12.jpg
2509,se,2609,148,unreviewed,Stal42_Map_west-FINAL-150 Q12.jpg
3333,se,3433,148,unreviewed,Stal42_Map_west-FINAL-150 Q12.jpg
3008,ne,3108,147,unreviewed,Stal42_Map_west-FINAL-150 Q12.jpg
2524,ne,2623,145,unreviewed,Stal42_Map_west-FINAL-150 Q12.jpg
2807,se,2908,145,unreviewed,Stal42_Map_west-FINAL-150 Q12.jpg
3524,ne,3623,145,unreviewed,Stal42_Map_west-FINAL-150 Q12.jpg
3705,se,3805,142,unreviewed,Stal42_Map_west-FINAL-150 Q12.jpg
1833,se,1934,141,unreviewed,Stal42_Map_west-FINAL-150 Q12.jpg
3632,ne,3732,141,unreviewed,Stal42_Map_west-FINAL-150 Q12.jpg
3630,s,3631,140,unreviewed,Stal42_Map_west-FINAL-150 Q12.jpg
2500,se,2600,138,unreviewed,Stal42_Map_west-FINAL-150 Q12.jpg
3733,ne,3832,138,unreviewed,Stal42_Map_west-FINAL-150 Q12.jpg
1717,se,1817,137,unreviewed,Stal42_Map_west-FINAL-150 Q12.jpg
2534,ne,2633,135,unreviewed,Stal42_Map_west-FINAL-150 Q12.jpg
3011,se,3112,135,unreviewed,Stal42_Map_west-FINAL-150 Q12.jpg
3628,ne,3728,135,unreviewed,Stal42_Map_west-FINAL-150 Q12.jpg
1210,ne,1310,134,unreviewed,Stal42_Map_west-FINAL-150 Q12.jpg
2922,ne,3021,134,unreviewed,Stal42_Map_west-FINAL-150 Q12.jpg
3730,ne,3829,132,unreviewed,Stal42_Map_west-FINAL-150 Q12.jpg
1512,s,1513,131,unreviewed,Stal42_Map_west-FINAL-150 Q12.jpg
3415,ne,3515,130,unreviewed,Stal42_Map_west-FINAL-150 Q12.jpg
3021,se,3122,129,unreviewed,Stal42_Map_west-FINAL-150 Q12.jpg
3412,s,3413,129,unreviewed,Stal42_Map_west-FINAL-150 Q12.jpg
2519,se,2619,128,unreviewed,Stal42_Map_west-FINAL-150 Q12.jpg
3334,se,3434,127,unreviewed,Stal42_Map_west-FINAL-150 Q12.jpg
2533,ne,2632,126,unreviewed,Stal42_Map_west-FINAL-150 Q12.jpg
3523,s,3524,126,unreviewed,Stal42_Map_west-FINAL-150 Q12.jpg
3705,s,3706,126,unreviewed,Stal42_Map_west-FINAL-150 Q12.jpg
3025,s,3026,119,unreviewed,Stal42_Map_west-FINAL-150 Q12.jpg
4111,s,4112,118,unreviewed,Stal42_Map_west-FINAL-150 Q12.jpg
3007,ne,3107,117,unreviewed,Stal42_Map_west-FINAL-150 Q12.jpg
2814,ne,2914,116,unreviewed,Stal42_Map_west-FINAL-150 Q12.jpg
2820,se,2921,116,unreviewed,Stal42_Map_west-FINAL-150 Q12.jpg
3420,s,3421,115,unreviewed,Stal42_Map_west-FINAL-150 Q12.jpg
2806,ne,2906,114,unreviewed,Stal42_Map_west-FINAL-150 Q12.jpg
2623,ne,2723,113,unreviewed,Stal42_Map_west-FINAL-150 Q12.jpg
3605,ne,3705,112,unreviewed,Stal42_Map_west-FINAL-150 Q12.jpg
3734,se,3834,111,unreviewed,Stal42_Map_west-FINAL-150 Q12.jpg
3429,ne,3529,109,unreviewed,Stal42_Map_west-FINAL-150 Q12.jpg
2530,ne,2629,108,unreviewed,Stal42_Map_west-FINAL-150 Q12.jpg
3625,s,3626,107,unreviewed,Stal42_Map_west-FINAL-150 Q12.jpg
3729,ne,3828,107,unreviewed,Stal42_Map_west-FINAL-150 Q12.jpg
3717,ne,3816,106,unreviewed,Stal42_Map_west-FINAL-150 Q12.jpg
3414,se,3515,104,unreviewed,Stal42_Map_west-FINAL-150 Q12.jpg
3630,se,3731,104,unreviewed,Stal42_Map_west-FINAL-150 Q12.jpg
3224,s,3225,103,unreviewed,Stal42_Map_west-FINAL-150 Q12.jpg
3823,se,3924,103,unreviewed,Stal42_Map_west-FINAL-150 Q12.jpg
2502,se,2602,102,unreviewed,Stal42_Map_west-FINAL-150 Q12.jpg
3419,s,3420,102,unreviewed,Stal42_Map_west-FINAL-150 Q12.jpg
3015,ne,3115,100,unreviewed,Stal42_Map_west-FINAL-150 Q12.jpg
3910,ne,4009,100,unreviewed,Stal42_Map_west-FINAL-150 Q12.jpg
3006,s,3007,99,unreviewed,Stal42_Map_west-FINAL-150 Q12.jpg
3530,ne,3629,99,unreviewed,Stal42_Map_west-FINAL-150 Q12.jpg
3600,se,3701,96,unreviewed,Stal42_Map_west-FINAL-150 Q12.jpg
2523,ne,2622,92,unreviewed,Stal42_Map_west-FINAL-150 Q12.jpg
2909,se,3009,91,unreviewed,Stal42_Map_west-FINAL-150 Q12.jpg
3414,ne,3514,91,unreviewed,Stal42_Map_west-FINAL-150 Q12.jpg
3908,se,4008,88,unreviewed,Stal42_Map_west-FINAL-150 Q12.jpg
4030,se,4131,88,unreviewed,Stal42_Map_west-FINAL-150 Q12.jpg
3225,ne,3325,86,unreviewed,Stal42_Map_west-FINAL-150 Q12.jpg
3224,se,3325,85,unreviewed,Stal42_Map_west-FINAL-150 Q12.jpg
4033,ne,4133,84,unreviewed,Stal42_Map_west-FINAL-150 Q12.jpg
3731,se,3831,83,unreviewed,Stal42_Map_west-FINAL-150 Q12.jpg
2502,ne,2601,82,unreviewed,Stal42_Map_west-FINAL-150 Q12.jpg
3026,se,3127,82,unreviewed,Stal42_Map_west-FINAL-150 Q12.jpg
3333,s,3334,82,unreviewed,Stal42_Map_west-FINAL-150 Q12.jpg
3421,se,3522,82,unreviewed,Stal42_Map_west-FINAL-150 Q12.jpg
3103,se,3203,77,unreviewed,Stal42_Map_west-FINAL-150 Q12.jpg
3624,se,3725,76,unreviewed,Stal42_Map_west-FINAL-150 Q12.jpg
4042,ne,4142,76,unreviewed,Stal42_Map_west-FINAL-150 Q12.jpg
3104,se,3204,75,unreviewed,Stal42_Map_west-FINAL-150 Q12.jpg
3413,ne,3513,75,unreviewed,Stal42_Map_west-FINAL-150 Q12.jpg
3523,ne,3622,75,unreviewed,Stal42_Map_west-FINAL-150 Q12.jpg
3527,se,3627,75,unreviewed,Stal42_Map_west-FINAL-150 Q12.jpg
2927,se,3027,74,unreviewed,Stal42_Map_west-FINAL-150 Q12.jpg
3506,ne,3605,73,unreviewed,Stal42_Map_west-FINAL-150 Q12.jpg
3935,se,4035,72,unreviewed,Stal42_Map_west-FINAL-150 Q12.jpg
3421,s,3422,70,unreviewed,Stal42_Map_west-FINAL-150 Q12.jpg
3605,se,3706,70,unreviewed,Stal42_Map_west-FINAL-150 Q12.jpg
3730,se,3830,70,unreviewed,Stal42_Map_west-FINAL-150 Q12.jpg
3420,ne,3520,69,unreviewed,Stal42_Map_west-FINAL-150 Q12.jpg
3727,ne,3826,69,unreviewed,Stal42_Map_west-FINAL-150 Q12.jpg
3706,ne,3805,66,unreviewed,Stal42_Map_west-FINAL-150 Q12.jpg
3432,se,3533,63,unreviewed,Stal42_Map_west-FINAL-150 Q12.jpg
3735,ne,3834,62,unreviewed,Stal42_Map_west-FINAL-150 Q12.jpg
2905,ne,3004,61,unreviewed,Stal42_Map_west-FINAL-150 Q12.jpg
3441,se,3542,60,unreviewed,Stal42_Map_west-FINAL-150 Q12.jpg
3442,ne,3542,59,unreviewed,Stal42_Map_west-FINAL-150 Q12.jpg
3917,ne,4016,58,unreviewed,Stal42_Map_west-FINAL-150 Q12.jpg
3015,se,3116,56,unreviewed,Stal42_Map_west-FINAL-150 Q12.jpg
3022,se,3123,56,unreviewed,Stal42_Map_west-FINAL-150 Q12.jpg
3422,ne,3522,56,unreviewed,Stal42_Map_west-FINAL-150 Q12.jpg
3624,s,3625,56,unreviewed,Stal42_Map_west-FINAL-150 Q12.jpg
4016,se,4117,56,unreviewed,Stal42_Map_west-FINAL-150 Q12.jpg
2807,ne,2907,54,unreviewed,Stal42_Map_west-FINAL-150 Q12.jpg
3012,s,3013,54,unreviewed,Stal42_Map_west-FINAL-150 Q12.jpg
3008,se,3109,53,unreviewed,Stal42_Map_west-FINAL-150 Q12.jpg
3105,se,3205,53,unreviewed,Stal42_Map_west-FINAL-150 Q12.jpg
3532,ne,3631,53,unreviewed,Stal42_Map_west-FINAL-150 Q12.jpg
3337,ne,3436,52,unreviewed,Stal42_Map_west-FINAL-150 Q12.jpg
3728,ne,3827,52,unreviewed,Stal42_Map_west-FINAL-150 Q12.jpg
3214,se,3315,50,unreviewed,Stal42_Map_west-FINAL-150 Q12.jpg
3523,se,3623,50,unreviewed,Stal42_Map_west-FINAL-150 Q12.jpg
1002,s,1003,47,unreviewed,Stal42_Map_west-FINAL-150 Q12.jpg
3603,ne,3703,47,unreviewed,Stal42_Map_west-FINAL-150 Q12.jpg
2310,ne,2409,46,unreviewed,Stal42_Map_west-FINAL-150 Q12.jpg
3225,se,3326,46,unreviewed,Stal42_Map_west-FINAL-150 Q12.jpg
3931,se,4031,46,unreviewed,Stal42_Map_west-FINAL-150 Q12.jpg
3604,se,3705,45,unreviewed,Stal42_Map_west-FINAL-150 Q12.jpg
2824,se,2925,42,unreviewed,Stal42_Map_west-FINAL-150 Q12.jpg
2517,se,2617,41,unreviewed,Stal42_Map_west-FINAL-150 Q12.jpg
1926,ne,2025,39,unreviewed,Stal42_Map_west-FINAL-150 Q12.jpg
3329,s,3330,39,unreviewed,Stal42_Map_west-FINAL-150 Q12.jpg
3441,s,3442,39,unreviewed,Stal42_Map_west-FINAL-150 Q12.jpg
3224,ne,3324,36,unreviewed,Stal42_Map_west-FINAL-150 Q12.jpg
2820,s,2821,35,unreviewed,Stal42_Map_west-FINAL-150 Q12.jpg
3106,ne,3205,35,unreviewed,Stal42_Map_west-FINAL-150 Q12.jpg
2530,se,2630,34,unreviewed,Stal42_Map_west-FINAL-150 Q12.jpg
2934,se,3034,34,unreviewed,Stal42_Map_west-FINAL-150 Q12.jpg
3434,ne,3534,34,unreviewed,Stal42_Map_west-FINAL-150 Q12.jpg
2506,s,2507,32,unreviewed,Stal42_Map_west-FINAL-150 Q12.jpg
3604,s,3605,32,unreviewed,Stal42_Map_west-FINAL-150 Q12.jpg
3134,ne,3233,31,unreviewed,Stal42_Map_west-FINAL-150 Q12.jpg
3413,se,3514,30,unreviewed,Stal42_Map_west-FINAL-150 Q12.jpg
3631,se,3732,30,unreviewed,Stal42_Map_west-FINAL-150 Q12.jpg
2914,se,3014,29,unreviewed,Stal42_Map_west-FINAL-150 Q12.jpg
3333,ne,3432,29,unreviewed,Stal42_Map_west-FINAL-150 Q12.jpg
3021,ne,3121,28,unreviewed,Stal42_Map_west-FINAL-150 Q12.jpg
3602,ne,3702,26,unreviewed,Stal42_Map_west-FINAL-150 Q12.jpg
3233,se,3334,25,unreviewed,Stal42_Map_west-FINAL-150 Q12.jpg
3404,s,3405,25,unreviewed,Stal42_Map_west-FINAL-150 Q12.jpg
3724,se,3824,25,unreviewed,Stal42_Map_west-FINAL-150 Q12.jpg
3908,ne,4007,25,unreviewed,Stal42_Map_west-FINAL-150 Q12.jpg
4041,ne,4141,25,unreviewed,Stal42_Map_west-FINAL-150 Q12.jpg
